{
	"credit": "The Stardust System did something here",
	"parent": "block/block",
	"textures": {
		"particle": "block/pumpkin_side",
		"west": "block/pumpkin_side",
		"up": "block/pumpkin_top",
		"down": "block/pumpkin_bottom"
	},
	"elements": [
		{
			"from": [0, 0, 0],
			"to": [16, 16, 16],
			"faces": {
				"north": {"uv": [0, 0, 16, 16], "texture": "#west", "cullface": "north"},
				"east": {"uv": [0, 0, 16, 16], "texture": "#west", "cullface": "east"},
				"south": {"uv": [0, 0, 16, 16], "texture": "#west", "cullface": "south"},
				"west": {"uv": [0, 0, 16, 16], "texture": "#west", "cullface": "west"},
				"up": {"uv": [0, 0, 16, 16], "texture": "#up", "cullface": "up"},
				"down": {"uv": [0, 0, 16, 16], "texture": "#down", "cullface": "down"}
			}
		}
	]
}