{
	"credit": "Made with Blockbench",
	"texture_size": [128, 128],
	"textures": {
		"0": "item/carrot_on_a_stick/boss2",
		"particle": "item/carrot_on_a_stick/boss2"
	},
	"elements": [
		{
			"name": "forearm",
			"from": [6.5, 6.5, 9],
			"to": [8.5, 8.5, 14],
			"rotation": {"angle": 0, "axis": "y", "origin": [7.55, 6.49429, 6.18714]},
			"faces": {
				"north": {"uv": [6.875, 2.875, 7.125, 3.125], "texture": "#0"},
				"east": {"uv": [6.5, 4.125, 7.125, 4.375], "texture": "#0"},
				"west": {"uv": [6.5, 4.375, 7.125, 4.625], "texture": "#0"},
				"up": {"uv": [7.125, 4.875, 6.5, 4.625], "rotation": 90, "texture": "#0"},
				"down": {"uv": [7.125, 4.875, 6.5, 5.125], "rotation": 270, "texture": "#0"}
			}
		},
		{
			"name": "forearmplayer2",
			"from": [6.5, 6.5, 14],
			"to": [8.5, 8.5, 15.01],
			"rotation": {"angle": 0, "axis": "y", "origin": [7.55, 6.49429, 7.18714]},
			"faces": {
				"east": {"uv": [6.4375, 0.125, 6.5625, 0.375], "texture": "#0"},
				"south": {"uv": [6.25, 0.125, 6.5, 0.375], "texture": "#0"},
				"west": {"uv": [6.5625, 0.375, 6.4375, 0.125], "texture": "#0"},
				"up": {"uv": [6.5625, 0.375, 6.4375, 0.125], "rotation": 90, "texture": "#0"},
				"down": {"uv": [6.5625, 0.125, 6.4375, 0.375], "rotation": 270, "texture": "#0"}
			}
		},
		{
			"name": "connection",
			"from": [7.8, 5.5, 7.5],
			"to": [8.8, 6.5, 9.5],
			"rotation": {"angle": 22.5, "axis": "y", "origin": [8.3, 6, 8.5]},
			"faces": {
				"north": {"uv": [7.375, 0.875, 7.5, 1], "texture": "#0"},
				"east": {"uv": [7.25, 4.375, 7.5, 4.5], "texture": "#0"},
				"south": {"uv": [7.375, 0.75, 7.5, 0.875], "texture": "#0"},
				"west": {"uv": [7.25, 4.5, 7.5, 4.625], "texture": "#0"},
				"up": {"uv": [7.5, 4.75, 7.25, 4.625], "rotation": 90, "texture": "#0"},
				"down": {"uv": [7.5, 4.75, 7.25, 4.875], "rotation": 270, "texture": "#0"}
			}
		},
		{
			"name": "connection4",
			"from": [7.8, 8.5, 7.5],
			"to": [8.8, 9.5, 9.5],
			"rotation": {"angle": 22.5, "axis": "y", "origin": [8.3, 9, 8.5]},
			"faces": {
				"north": {"uv": [7.375, 1.625, 7.5, 1.75], "texture": "#0"},
				"east": {"uv": [7.25, 7.125, 7.5, 7.25], "texture": "#0"},
				"south": {"uv": [7.375, 1.5, 7.5, 1.625], "texture": "#0"},
				"west": {"uv": [0.375, 7.375, 0.625, 7.5], "texture": "#0"},
				"up": {"uv": [0.875, 7.5, 0.625, 7.375], "rotation": 90, "texture": "#0"},
				"down": {"uv": [1.125, 7.375, 0.875, 7.5], "rotation": 270, "texture": "#0"}
			}
		},
		{
			"name": "body",
			"from": [7, 7, 3],
			"to": [8, 8, 10],
			"rotation": {"angle": 0, "axis": "y", "origin": [7.55, 6.49429, 7.18714]},
			"faces": {
				"north": {"uv": [7.375, 1.875, 7.5, 2], "texture": "#0"},
				"east": {"uv": [6.25, 5.375, 7.125, 5.5], "texture": "#0"},
				"south": {"uv": [7.375, 1.75, 7.5, 1.875], "texture": "#0"},
				"west": {"uv": [0.375, 6.625, 1.25, 6.75], "texture": "#0"},
				"up": {"uv": [3.25, 6.75, 2.375, 6.625], "rotation": 90, "texture": "#0"},
				"down": {"uv": [4.125, 6.625, 3.25, 6.75], "rotation": 270, "texture": "#0"}
			}
		},
		{
			"name": "head1",
			"from": [7, 6, 2],
			"to": [8, 8, 3],
			"rotation": {"angle": 0, "axis": "y", "origin": [7.55, 6.49429, 7.18714]},
			"faces": {
				"north": {"uv": [1.75, 7.375, 1.875, 7.625], "texture": "#0"},
				"east": {"uv": [1.125, 7.375, 1.25, 7.625], "texture": "#0"},
				"south": {"uv": [1.5, 7.375, 1.625, 7.625], "texture": "#0"},
				"west": {"uv": [1.625, 7.375, 1.75, 7.625], "texture": "#0"},
				"up": {"uv": [7.5, 2.125, 7.375, 2], "rotation": 90, "texture": "#0"},
				"down": {"uv": [7.5, 2.125, 7.375, 2.25], "rotation": 270, "texture": "#0"}
			}
		},
		{
			"name": "head2",
			"from": [7, 5, 3],
			"to": [8, 6, 6],
			"rotation": {"angle": 0, "axis": "y", "origin": [7.55, 6.49429, 7.18714]},
			"faces": {
				"north": {"uv": [7.375, 3.25, 7.5, 3.375], "texture": "#0"},
				"east": {"uv": [7.125, 0.625, 7.5, 0.75], "texture": "#0"},
				"south": {"uv": [7.375, 2.25, 7.5, 2.375], "texture": "#0"},
				"west": {"uv": [7.125, 2.375, 7.5, 2.5], "texture": "#0"},
				"up": {"uv": [7.5, 2.625, 7.125, 2.5], "rotation": 90, "texture": "#0"},
				"down": {"uv": [7.5, 2.625, 7.125, 2.75], "rotation": 270, "texture": "#0"}
			}
		},
		{
			"name": "barb",
			"from": [7, 4.14645, 5.35355],
			"to": [7.5, 5.14645, 5.35355],
			"rotation": {"angle": -45, "axis": "x", "origin": [7.25, 4.64645, 5.35355]},
			"faces": {
				"north": {"uv": [6.375, 7.5, 6.4375, 7.625], "texture": "#0"},
				"east": {"uv": [0, 0, 0, 0.125], "texture": "#0"},
				"south": {"uv": [6.375, 7.5, 6.4375, 7.625], "texture": "#0"},
				"west": {"uv": [0, 0, 0, 0.125], "texture": "#0"},
				"up": {"uv": [0, 0, 0, 0.0625], "rotation": 90, "texture": "#0"},
				"down": {"uv": [0, 0, 0, 0.0625], "rotation": 270, "texture": "#0"}
			}
		},
		{
			"name": "barb2",
			"from": [7, 4.14645, 3.35355],
			"to": [7.5, 5.14645, 3.35355],
			"rotation": {"angle": -45, "axis": "x", "origin": [7.25, 4.64645, 3.35355]},
			"faces": {
				"north": {"uv": [6.375, 7.5, 6.4375, 7.625], "texture": "#0"},
				"east": {"uv": [0, 0, 0, 0.125], "texture": "#0"},
				"south": {"uv": [6.375, 7.5, 6.4375, 7.625], "texture": "#0"},
				"west": {"uv": [0, 0, 0, 0.125], "texture": "#0"},
				"up": {"uv": [0, 0, 0, 0.0625], "rotation": 90, "texture": "#0"},
				"down": {"uv": [0, 0, 0, 0.0625], "rotation": 270, "texture": "#0"}
			}
		},
		{
			"name": "barb3",
			"from": [7.5, 4.14645, 4.35355],
			"to": [8, 5.14645, 4.35355],
			"rotation": {"angle": -45, "axis": "x", "origin": [7.75, 4.64645, 4.35355]},
			"faces": {
				"north": {"uv": [6.375, 7.5, 6.4375, 7.625], "texture": "#0"},
				"east": {"uv": [0, 0, 0, 0.125], "texture": "#0"},
				"south": {"uv": [6.375, 7.5, 6.4375, 7.625], "texture": "#0"},
				"west": {"uv": [0, 0, 0, 0.125], "texture": "#0"},
				"up": {"uv": [0, 0, 0, 0.0625], "rotation": 90, "texture": "#0"},
				"down": {"uv": [0, 0, 0, 0.0625], "rotation": 270, "texture": "#0"}
			}
		}
	],
	"gui_light": "front",
	"display": {
		"thirdperson_righthand": {
			"translation": [1, -1, -2.001],
			"scale": [2.005, 2.005, 2]
		},
		"thirdperson_lefthand": {
			"translation": [-1, -1, -2.001],
			"scale": [2.005, 2.005, 2]
		},
		"firstperson_righthand": {
			"rotation": [45, 0, 0],
			"translation": [1.5, 5, 0],
			"scale": [2, 2, 2]
		},
		"firstperson_lefthand": {
			"rotation": [45, 0, 0],
			"translation": [1.5, 5, 0],
			"scale": [2, 2, 2]
		},
		"ground": {
			"rotation": [45, 0, 0],
			"translation": [0, 2, 0]
		},
		"gui": {
			"rotation": [-90, -135, -90],
			"translation": [0, 1.5, 0],
			"scale": [1.25, 1.25, 1.25]
		},
		"head": {
			"rotation": [45, 0, 0],
			"translation": [0.25, 6.75, -6.5],
			"scale": [0.5, 0.5, 0.5]
		},
		"fixed": {
			"rotation": [90, 45, -90],
			"translation": [0, 1.5, -1],
			"scale": [1.5, 1.5, 1.5]
		}
	},
	"groups": [
		{
			"name": "torso",
			"origin": [8, 8, 8],
			"children": [0, 0, 0]
		},
		{
			"name": "head",
			"origin": [8, 8, 8],
			"children": [0, 0,
				{
					"name": "mouth",
					"origin": [8, 8, 8],
					"children": [
						{
							"name": "resting",
							"origin": [8, 8, 8],
							"children": [0, 0, 0, 0]
						},
						{
							"name": "agape",
							"origin": [8, 8, 8],
							"children": [0, 0, 0, 0]
						}
					]
				}
			]
		},
		{
			"name": "legs",
			"origin": [8, 8, 8],
			"children": [0, 0, 0, 0]
		},
		{
			"name": "rightarm",
			"origin": [8, 8, 8],
			"children": [0, 0, 0, 1, 2,
				{
					"name": "talonaxe",
					"origin": [8, 8, 8],
					"children": [2, 3, 3, 3, 4, 5, 6, 7, 8, 9]
				},
				{
					"name": "tentacles",
					"origin": [8, 8, 8],
					"children": [10, 10, 10, 10,
						{
							"name": "attack",
							"origin": [8, 8, 8],
							"children": [10, 10, 10, 10]
						}
					]
				}
			]
		},
		{
			"name": "leftarm",
			"origin": [8, 8, 8],
			"children": [10, 10]
		},
		{
			"name": "backtentacles",
			"origin": [8, 8, 8],
			"children": [
				{
					"name": "frontleft",
					"origin": [5.5, 12, 10.5],
					"children": [10, 10, 10, 10]
				},
				{
					"name": "backleft",
					"origin": [8, 8, 8],
					"children": [10, 10, 10, 10]
				},
				{
					"name": "backright",
					"origin": [8, 8, 8],
					"children": [10, 10, 10, 10]
				},
				{
					"name": "frontright",
					"origin": [8, 8, 8],
					"children": [10, 10, 10]
				}
			]
		}
	]
}