{
	"credit": "Made with Blockbench",
	"texture_size": [128, 128],
	"textures": {
		"0": "item/carrot_on_a_stick/boss2",
		"particle": "item/carrot_on_a_stick/boss2"
	},
	"elements": [
		{
			"name": "backfinger",
			"from": [7.41501, 0.02605, 8],
			"to": [8.41501, 6.02605, 9],
			"rotation": {"angle": 22.5, "axis": "x", "origin": [8.25749, 0.22109, 7.8826]},
			"faces": {
				"north": {"uv": [4.5, 4.375, 5.25, 4.5], "rotation": 270, "texture": "#0"},
				"east": {"uv": [7.375, 0.25, 6.625, 0.125], "rotation": 90, "texture": "#0"},
				"south": {"uv": [6.625, 0, 7.375, 0.125], "rotation": 90, "texture": "#0"},
				"west": {"uv": [7.375, 0.25, 6.625, 0.375], "rotation": 90, "texture": "#0"},
				"up": {"uv": [4, 7.375, 4.125, 7.5], "rotation": 90, "texture": "#0"},
				"down": {"uv": [6, 5.375, 6.125, 5.5], "rotation": 90, "texture": "#0"}
			}
		},
		{
			"name": "frontbotfinger",
			"from": [7.24599, -0.70236, 7.01],
			"to": [8.24599, 4.29764, 8.01],
			"rotation": {"angle": 22.5, "axis": "z", "origin": [7.25749, -0.77891, 7.8826]},
			"faces": {
				"north": {"uv": [5.125, 3, 5.25, 3.625], "rotation": 180, "texture": "#0"},
				"east": {"uv": [0.625, 6.75, 0.75, 7.375], "rotation": 180, "texture": "#0"},
				"south": {"uv": [0.5, 6.75, 0.625, 7.375], "rotation": 180, "texture": "#0"},
				"west": {"uv": [0.375, 6.75, 0.5, 7.375], "rotation": 180, "texture": "#0"},
				"up": {"uv": [7.5, 7.375, 7.375, 7.5], "rotation": 180, "texture": "#0"},
				"down": {"uv": [7.375, 7.5, 7.25, 7.375], "rotation": 180, "texture": "#0"}
			}
		},
		{
			"name": "fronttopfinger",
			"from": [11.31655, 0.31734, 7.02],
			"to": [12.31655, 5.31734, 8.02],
			"rotation": {"angle": -45, "axis": "z", "origin": [9.25749, 5.22109, 7.8826]},
			"faces": {
				"north": {"uv": [2.375, 6.75, 3, 6.875], "rotation": 270, "texture": "#0"},
				"east": {"uv": [7.375, 6.875, 6.75, 6.75], "rotation": 90, "texture": "#0"},
				"south": {"uv": [3, 6.75, 3.625, 6.875], "rotation": 90, "texture": "#0"},
				"west": {"uv": [7.375, 3.5, 6.75, 3.625], "rotation": 90, "texture": "#0"},
				"up": {"uv": [7.375, 0.125, 7.5, 0.25], "rotation": 90, "texture": "#0"},
				"down": {"uv": [7.375, 0, 7.5, 0.125], "rotation": 90, "texture": "#0"}
			}
		},
		{
			"name": "fronttopfinger2",
			"from": [10.55882, 2.75225, 7.01],
			"to": [11.55882, 4.75225, 8.01],
			"rotation": {"angle": 0, "axis": "z", "origin": [9.25749, 5.22109, 7.8826]},
			"faces": {
				"north": {"uv": [7.125, 4.875, 7.25, 5.125], "rotation": 180, "texture": "#0"},
				"east": {"uv": [4.125, 7.25, 4.25, 7.5], "rotation": 180, "texture": "#0"},
				"south": {"uv": [1.375, 7.25, 1.5, 7.5], "rotation": 180, "texture": "#0"},
				"west": {"uv": [1.25, 7.25, 1.375, 7.5], "rotation": 180, "texture": "#0"},
				"up": {"uv": [7.5, 0.375, 7.375, 0.5], "rotation": 180, "texture": "#0"},
				"down": {"uv": [7.5, 0.375, 7.375, 0.25], "rotation": 180, "texture": "#0"}
			}
		},
		{
			"name": "frontbotfinger",
			"from": [9.11345, 3.53293, 7.01],
			"to": [10.11345, 7.53293, 8.01],
			"rotation": {"angle": 45, "axis": "z", "origin": [7.25749, -0.77891, 7.8826]},
			"faces": {
				"north": {"uv": [3.375, 7.125, 3.5, 7.625], "rotation": 180, "texture": "#0"},
				"east": {"uv": [6.625, 7.125, 6.75, 7.625], "rotation": 180, "texture": "#0"},
				"south": {"uv": [6.5, 7.125, 6.625, 7.625], "rotation": 180, "texture": "#0"},
				"west": {"uv": [3.5, 7.125, 3.625, 7.625], "rotation": 180, "texture": "#0"},
				"up": {"uv": [5.625, 7.5, 5.5, 7.625], "rotation": 180, "texture": "#0"},
				"down": {"uv": [4.375, 7.625, 4.25, 7.5], "rotation": 180, "texture": "#0"}
			}
		},
		{
			"name": "backfinger1",
			"from": [7.41501, 5.13924, 10.11252],
			"to": [8.41501, 8.13924, 11.11252],
			"rotation": {"angle": 0, "axis": "x", "origin": [8.34412, 5.37972, 9.99512]},
			"faces": {
				"north": {"uv": [7.125, 4.125, 7.25, 4.5], "rotation": 180, "texture": "#0"},
				"east": {"uv": [7.125, 6.125, 7.25, 6.5], "rotation": 180, "texture": "#0"},
				"south": {"uv": [7.125, 5.75, 7.25, 6.125], "rotation": 180, "texture": "#0"},
				"west": {"uv": [7.125, 4.5, 7.25, 4.875], "rotation": 180, "texture": "#0"},
				"up": {"uv": [5.875, 7.5, 5.75, 7.625], "rotation": 180, "texture": "#0"},
				"down": {"uv": [5.75, 7.625, 5.625, 7.5], "rotation": 180, "texture": "#0"}
			}
		},
		{
			"name": "backfinger2",
			"from": [13.4768, 6.33473, 10.11252],
			"to": [14.4768, 8.33473, 11.11252],
			"rotation": {"angle": 45, "axis": "z", "origin": [9.11265, -0.43024, 9.99512]},
			"faces": {
				"north": {"uv": [1.875, 7.375, 2, 7.625], "rotation": 180, "texture": "#0"},
				"east": {"uv": [3.875, 7.375, 4, 7.625], "rotation": 180, "texture": "#0"},
				"south": {"uv": [3.75, 7.375, 3.875, 7.625], "rotation": 180, "texture": "#0"},
				"west": {"uv": [3.625, 7.375, 3.75, 7.625], "rotation": 180, "texture": "#0"},
				"up": {"uv": [6.125, 7.5, 6, 7.625], "rotation": 180, "texture": "#0"},
				"down": {"uv": [6, 7.625, 5.875, 7.5], "rotation": 180, "texture": "#0"}
			}
		},
		{
			"name": "fronttopfinger",
			"from": [10.37717, 4.58218, 7.01],
			"to": [11.37717, 10.58218, 8.01],
			"rotation": {"angle": -22.5, "axis": "z", "origin": [10.8955, 4.21059, 7.88183]},
			"faces": {
				"north": {"uv": [1.5, 6.625, 1.625, 7.375], "rotation": 180, "texture": "#0"},
				"east": {"uv": [1.875, 6.625, 2, 7.375], "rotation": 180, "texture": "#0"},
				"south": {"uv": [1.75, 6.625, 1.875, 7.375], "rotation": 180, "texture": "#0"},
				"west": {"uv": [1.625, 6.625, 1.75, 7.375], "rotation": 180, "texture": "#0"},
				"up": {"uv": [6.375, 7.5, 6.25, 7.625], "rotation": 180, "texture": "#0"},
				"down": {"uv": [6.25, 7.625, 6.125, 7.5], "rotation": 180, "texture": "#0"}
			}
		},
		{
			"from": [5, -1, 6],
			"to": [6, 4, 7],
			"rotation": {"angle": 22.5, "axis": "z", "origin": [5.5, -1, 6.5]},
			"faces": {
				"north": {"uv": [2.375, 6.875, 2.5, 7.5], "texture": "#0"},
				"east": {"uv": [2.5, 6.875, 2.625, 7.5], "texture": "#0"},
				"south": {"uv": [2.625, 6.875, 2.75, 7.5], "texture": "#0"},
				"west": {"uv": [2.75, 6.875, 2.875, 7.5], "texture": "#0"},
				"up": {"uv": [7.5, 4, 7.375, 3.875], "texture": "#0"},
				"down": {"uv": [7.5, 4, 7.375, 4.125], "texture": "#0"}
			}
		},
		{
			"from": [-1.14282, 2.8488, 6],
			"to": [3.85718, 3.8488, 7],
			"rotation": {"angle": -22.5, "axis": "z", "origin": [3.85718, 3.3488, 6.5]},
			"faces": {
				"north": {"uv": [6.75, 3.625, 7.375, 3.75], "texture": "#0"},
				"east": {"uv": [0.625, 7.5, 0.75, 7.625], "texture": "#0"},
				"south": {"uv": [6.75, 3.75, 7.375, 3.875], "texture": "#0"},
				"west": {"uv": [0.75, 7.5, 0.875, 7.625], "texture": "#0"},
				"up": {"uv": [7.375, 4, 6.75, 3.875], "texture": "#0"},
				"down": {"uv": [7.375, 4, 6.75, 4.125], "texture": "#0"}
			}
		},
		{
			"from": [6, -0.5, 8.5],
			"to": [7, 0.5, 14.5],
			"rotation": {"angle": -45, "axis": "x", "origin": [6.5, 0, 9.5]},
			"faces": {
				"north": {"uv": [7.375, 5.375, 7.5, 5.5], "rotation": 270, "texture": "#0"},
				"east": {"uv": [7.375, 1.75, 6.625, 1.625], "texture": "#0"},
				"south": {"uv": [7.375, 5.5, 7.5, 5.625], "rotation": 90, "texture": "#0"},
				"west": {"uv": [7.375, 1.75, 6.625, 1.875], "rotation": 180, "texture": "#0"},
				"up": {"uv": [6.625, 1.375, 7.375, 1.5], "rotation": 90, "texture": "#0"},
				"down": {"uv": [6.625, 1.5, 7.375, 1.625], "rotation": 90, "texture": "#0"}
			}
		},
		{
			"from": [6, 3.30983, 12.7972],
			"to": [7, 4.30983, 16.7972],
			"rotation": {"angle": -22.5, "axis": "x", "origin": [6.6, 3.80983, 13.7972]},
			"faces": {
				"north": {"uv": [7.375, 5.625, 7.5, 5.75], "texture": "#0"},
				"east": {"uv": [6.875, 3.375, 7.375, 3.5], "texture": "#0"},
				"south": {"uv": [7.375, 6.5, 7.5, 6.625], "texture": "#0"},
				"west": {"uv": [4.625, 3.5, 5.125, 3.625], "texture": "#0"},
				"up": {"uv": [7.5, 7.125, 7, 7], "rotation": 270, "texture": "#0"},
				"down": {"uv": [7.5, 5.125, 7, 5.25], "rotation": 90, "texture": "#0"}
			}
		},
		{
			"from": [8, -1, 9],
			"to": [9, 4, 10],
			"rotation": {"angle": -45, "axis": "z", "origin": [8.5, -1, 9.5]},
			"faces": {
				"north": {"uv": [3.625, 6.75, 3.75, 7.375], "texture": "#0"},
				"east": {"uv": [3.75, 6.75, 3.875, 7.375], "texture": "#0"},
				"south": {"uv": [3.875, 6.75, 4, 7.375], "texture": "#0"},
				"west": {"uv": [4, 6.75, 4.125, 7.375], "texture": "#0"},
				"up": {"uv": [7.5, 3.75, 7.375, 3.625], "texture": "#0"},
				"down": {"uv": [7.5, 3.75, 7.375, 3.875], "texture": "#0"}
			}
		},
		{
			"from": [11.87332, 1.92715, 9],
			"to": [16.87332, 2.92715, 10],
			"rotation": {"angle": 22.5, "axis": "z", "origin": [11.87332, 2.42715, 9.5]},
			"faces": {
				"north": {"uv": [6.75, 5.5, 7.375, 5.625], "texture": "#0"},
				"east": {"uv": [2.375, 7.5, 2.5, 7.625], "texture": "#0"},
				"south": {"uv": [6.75, 5.625, 7.375, 5.75], "texture": "#0"},
				"west": {"uv": [2.5, 7.5, 2.625, 7.625], "texture": "#0"},
				"up": {"uv": [7.375, 6.625, 6.75, 6.5], "texture": "#0"},
				"down": {"uv": [7.375, 6.625, 6.75, 6.75], "texture": "#0"}
			}
		},
		{
			"from": [9, -1, 5],
			"to": [10, 4, 6],
			"rotation": {"angle": -22.5, "axis": "x", "origin": [9.5, -1, 5.5]},
			"faces": {
				"north": {"uv": [0.75, 6.75, 0.875, 7.375], "texture": "#0"},
				"east": {"uv": [0.875, 6.75, 1, 7.375], "texture": "#0"},
				"south": {"uv": [1, 6.75, 1.125, 7.375], "texture": "#0"},
				"west": {"uv": [1.125, 6.75, 1.25, 7.375], "texture": "#0"},
				"up": {"uv": [7.5, 3.5, 7.375, 3.375], "texture": "#0"},
				"down": {"uv": [7.5, 3.5, 7.375, 3.625], "texture": "#0"}
			}
		},
		{
			"from": [9, 2.8488, 0.85718],
			"to": [10, 3.8488, 3.85718],
			"rotation": {"angle": 22.5, "axis": "x", "origin": [9.5, 3.3488, 3.85718]},
			"faces": {
				"north": {"uv": [3.125, 7.5, 3.25, 7.625], "rotation": 90, "texture": "#0"},
				"east": {"uv": [7.5, 3.125, 7.125, 3.25], "texture": "#0"},
				"south": {"uv": [3.25, 7.5, 3.375, 7.625], "rotation": 270, "texture": "#0"},
				"west": {"uv": [7.5, 3.125, 7.125, 3], "rotation": 180, "texture": "#0"},
				"up": {"uv": [7.125, 2.875, 7.5, 3], "rotation": 270, "texture": "#0"},
				"down": {"uv": [7.125, 2.75, 7.5, 2.875], "rotation": 270, "texture": "#0"}
			}
		}
	],
	"display": {
		"thirdperson_righthand": {
			"scale": [2, 2, 2]
		},
		"firstperson_righthand": {
			"rotation": [0, -180, 0],
			"translation": [-9, 0, -6.75]
		},
		"firstperson_lefthand": {
			"rotation": [0, -180, 0],
			"translation": [-9, 0, -6.75]
		},
		"ground": {
			"scale": [4, 4, 4]
		},
		"head": {
			"translation": [0, -17, -0.5],
			"scale": [3, 3, 3]
		}
	},
	"groups": [
		{
			"name": "torso",
			"origin": [8, 8, 8],
			"children": [0, 0, 0]
		},
		{
			"name": "head",
			"origin": [8, 8, 8],
			"children": [0, 0,
				{
					"name": "mouth",
					"origin": [8, 8, 8],
					"children": [
						{
							"name": "resting",
							"origin": [8, 8, 8],
							"children": [0, 0, 0, 0]
						},
						{
							"name": "agape",
							"origin": [8, 8, 8],
							"children": [0, 0, 0, 0]
						}
					]
				}
			]
		},
		{
			"name": "legs",
			"origin": [8, 8, 8],
			"children": [0, 0, 0, 0]
		},
		{
			"name": "rightarm",
			"origin": [8, 8, 8],
			"children": [0, 0, 0,
				{
					"name": "talonaxe",
					"origin": [8, 8, 8],
					"children": [0, 0, 0, 0, 0, 0, 0, 0, 0, 0]
				},
				{
					"name": "tentacles",
					"origin": [8, 8, 8],
					"children": [0, 1, 2, 3,
						{
							"name": "attack",
							"origin": [8, 8, 8],
							"children": [4, 5, 6, 7]
						}
					]
				}
			]
		},
		{
			"name": "leftarm",
			"origin": [8, 8, 8],
			"children": [8, 8]
		},
		{
			"name": "backtentacles",
			"origin": [8, 8, 8],
			"children": [
				{
					"name": "frontleft",
					"origin": [5.5, 12, 10.5],
					"children": [8, 9, 10, 10]
				},
				{
					"name": "backleft",
					"origin": [8, 8, 8],
					"children": [10, 11, 12, 12]
				},
				{
					"name": "backright",
					"origin": [8, 8, 8],
					"children": [12, 13, 14, 14]
				},
				{
					"name": "frontright",
					"origin": [8, 8, 8],
					"children": [14, 15, 16]
				}
			]
		}
	]
}