{
    "providers": [
        {
            "type": "bitmap",
            "file": "pillage:config/cat/black.png",
            "ascent": 7,
			"height": 40,
            "chars": [
                "\uF031"
            ]
        },
        {
            "type": "bitmap",
            "file": "pillage:config/cat/tabby.png",
            "ascent": 7,
			"height": 40,
            "chars": [
                "\uF032"
            ]
        },
        {
            "type": "bitmap",
            "file": "pillage:config/cat/red.png",
            "ascent": 7,
			"height": 40,
            "chars": [
                "\uF033"
            ]
        },
        {
            "type": "bitmap",
            "file": "pillage:config/cat/siamese.png",
            "ascent": 7,
			"height": 40,
            "chars": [
                "\uF034"
            ]
        },
        {
            "type": "bitmap",
            "file": "pillage:config/cat/british_shorthair.png",
            "ascent": 7,
			"height": 40,
            "chars": [
                "\uF035"
            ]
        },
        {
            "type": "bitmap",
            "file": "pillage:config/cat/calico.png",
            "ascent": 7,
			"height": 40,
            "chars": [
                "\uF036"
            ]
        },
        {
            "type": "bitmap",
            "file": "pillage:config/cat/persian.png",
            "ascent": 7,
			"height": 40,
            "chars": [
                "\uF037"
            ]
        },
        {
            "type": "bitmap",
            "file": "pillage:config/cat/ragdoll.png",
            "ascent": 7,
			"height": 40,
            "chars": [
                "\uF038"
            ]
        },
        {
            "type": "bitmap",
            "file": "pillage:config/cat/white.png",
            "ascent": 7,
			"height": 40,
            "chars": [
                "\uF039"
            ]
        },
        {
            "type": "bitmap",
            "file": "pillage:config/cat/jellie.png",
            "ascent": 7,
			"height": 40,
            "chars": [
                "\uF03A"
            ]
        },
        {
            "type": "bitmap",
            "file": "pillage:config/cat/all_black.png",
            "ascent": 7,
			"height": 40,
            "chars": [
                "\uF03B"
            ]
        },
        {
            "type": "bitmap",
            "file": "pillage:config/rabbit/brown.png",
            "ascent": 7,
			"height": 40,
            "chars": [
                "\uF03C"
            ]
        },
        {
            "type": "bitmap",
            "file": "pillage:config/rabbit/white.png",
            "ascent": 7,
			"height": 40,
            "chars": [
                "\uF03D"
            ]
        },
        {
            "type": "bitmap",
            "file": "pillage:config/rabbit/black.png",
            "ascent": 7,
			"height": 40,
            "chars": [
                "\uF03E"
            ]
        },
        {
            "type": "bitmap",
            "file": "pillage:config/rabbit/black_white.png",
            "ascent": 7,
			"height": 40,
            "chars": [
                "\uF03F"
            ]
        },
        {
            "type": "bitmap",
            "file": "pillage:config/rabbit/yellow.png",
            "ascent": 7,
			"height": 40,
            "chars": [
                "\uF040"
            ]
        },
        {
            "type": "bitmap",
            "file": "pillage:config/rabbit/brown_white.png",
            "ascent": 7,
			"height": 40,
            "chars": [
                "\uF041"
            ]
        },
        {
            "type": "bitmap",
            "file": "pillage:config/rabbit/killer.png",
            "ascent": 7,
			"height": 40,
            "chars": [
                "\uF042"
            ]
        },
        {
            "type": "bitmap",
            "file": "pillage:config/rabbit/toast.png",
            "ascent": 7,
			"height": 40,
            "chars": [
                "\uF043"
            ]
        },
        {
            "type": "bitmap",
            "file": "pillage:config/sheep/white.png",
            "ascent": 7,
			"height": 40,
            "chars": [
                "\uF044"
            ]
        },
        {
            "type": "bitmap",
            "file": "pillage:config/sheep/orange.png",
            "ascent": 7,
			"height": 40,
            "chars": [
                "\uF045"
            ]
        },
        {
            "type": "bitmap",
            "file": "pillage:config/sheep/magenta.png",
            "ascent": 7,
			"height": 40,
            "chars": [
                "\uF046"
            ]
        },
        {
            "type": "bitmap",
            "file": "pillage:config/sheep/light_blue.png",
            "ascent": 7,
			"height": 40,
            "chars": [
                "\uF047"
            ]
        },
        {
            "type": "bitmap",
            "file": "pillage:config/sheep/yellow.png",
            "ascent": 7,
			"height": 40,
            "chars": [
                "\uF048"
            ]
        },
        {
            "type": "bitmap",
            "file": "pillage:config/sheep/lime.png",
            "ascent": 7,
			"height": 40,
            "chars": [
                "\uF049"
            ]
        },
        {
            "type": "bitmap",
            "file": "pillage:config/sheep/pink.png",
            "ascent": 7,
			"height": 40,
            "chars": [
                "\uF04A"
            ]
        },
        {
            "type": "bitmap",
            "file": "pillage:config/sheep/gray.png",
            "ascent": 7,
			"height": 40,
            "chars": [
                "\uF04B"
            ]
        },
        {
            "type": "bitmap",
            "file": "pillage:config/sheep/light_gray.png",
            "ascent": 7,
			"height": 40,
            "chars": [
                "\uF04C"
            ]
        },
        {
            "type": "bitmap",
            "file": "pillage:config/sheep/cyan.png",
            "ascent": 7,
			"height": 40,
            "chars": [
                "\uF04D"
            ]
        },
        {
            "type": "bitmap",
            "file": "pillage:config/sheep/purple.png",
            "ascent": 7,
			"height": 40,
            "chars": [
                "\uF04E"
            ]
        },
        {
            "type": "bitmap",
            "file": "pillage:config/sheep/blue.png",
            "ascent": 7,
			"height": 40,
            "chars": [
                "\uF04F"
            ]
        },
        {
            "type": "bitmap",
            "file": "pillage:config/sheep/brown.png",
            "ascent": 7,
			"height": 40,
            "chars": [
                "\uF050"
            ]
        },
        {
            "type": "bitmap",
            "file": "pillage:config/sheep/green.png",
            "ascent": 7,
			"height": 40,
            "chars": [
                "\uF051"
            ]
        },
        {
            "type": "bitmap",
            "file": "pillage:config/sheep/red.png",
            "ascent": 7,
			"height": 40,
            "chars": [
                "\uF052"
            ]
        },
        {
            "type": "bitmap",
            "file": "pillage:config/sheep/black.png",
            "ascent": 7,
			"height": 40,
            "chars": [
                "\uF053"
            ]
        },
        {
            "type": "bitmap",
            "file": "pillage:config/slime.png",
            "ascent": 7,
			"height": 20,
            "chars": [
                "\uF054"
            ]
        },
        {
            "type": "bitmap",
            "file": "pillage:config/slime.png",
            "ascent": 7,
			"height": 30,
            "chars": [
                "\uF055"
            ]
        },
        {
            "type": "bitmap",
            "file": "pillage:config/slime.png",
            "ascent": 7,
			"height": 40,
            "chars": [
                "\uF056"
            ]
        },
        {
            "type": "bitmap",
            "file": "pillage:config/llama/creamy.png",
            "ascent": 7,
			"height": 40,
            "chars": [
                "\uF057"
            ]
        },
        {
            "type": "bitmap",
            "file": "pillage:config/llama/white.png",
            "ascent": 7,
			"height": 40,
            "chars": [
                "\uF058"
            ]
        },
        {
            "type": "bitmap",
            "file": "pillage:config/llama/brown.png",
            "ascent": 7,
			"height": 40,
            "chars": [
                "\uF059"
            ]
        },
        {
            "type": "bitmap",
            "file": "pillage:config/llama/gray.png",
            "ascent": 7,
			"height": 40,
            "chars": [
                "\uF05A"
            ]
        },
        {
            "type": "bitmap",
            "file": "pillage:config/villager/plains.png",
            "ascent": 7,
			"height": 40,
            "chars": [
                "\uF05B"
            ]
        },
        {
            "type": "bitmap",
            "file": "pillage:config/villager/desert.png",
            "ascent": 7,
			"height": 40,
            "chars": [
                "\uF05C"
            ]
        },
        {
            "type": "bitmap",
            "file": "pillage:config/villager/taiga.png",
            "ascent": 7,
			"height": 40,
            "chars": [
                "\uF05D"
            ]
        },
        {
            "type": "bitmap",
            "file": "pillage:config/villager/savanna.png",
            "ascent": 7,
			"height": 40,
            "chars": [
                "\uF05E"
            ]
        },
        {
            "type": "bitmap",
            "file": "pillage:config/villager/snowy.png",
            "ascent": 7,
			"height": 40,
            "chars": [
                "\uF05F"
            ]
        },
        {
            "type": "bitmap",
            "file": "pillage:config/villager/jungle.png",
            "ascent": 7,
			"height": 40,
            "chars": [
                "\uF060"
            ]
        },
        {
            "type": "bitmap",
            "file": "pillage:config/villager/swamp.png",
            "ascent": 7,
			"height": 40,
            "chars": [
                "\uF061"
            ]
        },
        {
            "type": "bitmap",
            "file": "pillage:config/panda/normal.png",
            "ascent": 7,
			"height": 40,
            "chars": [
                "\uF062"
            ]
        },
        {
            "type": "bitmap",
            "file": "pillage:config/panda/lazy.png",
            "ascent": 7,
			"height": 40,
            "chars": [
                "\uF063"
            ]
        },
        {
            "type": "bitmap",
            "file": "pillage:config/panda/worried.png",
            "ascent": 7,
			"height": 40,
            "chars": [
                "\uF064"
            ]
        },
        {
            "type": "bitmap",
            "file": "pillage:config/panda/playful.png",
            "ascent": 7,
			"height": 40,
            "chars": [
                "\uF065"
            ]
        },
        {
            "type": "bitmap",
            "file": "pillage:config/panda/weak.png",
            "ascent": 7,
			"height": 40,
            "chars": [
                "\uF066"
            ]
        },
        {
            "type": "bitmap",
            "file": "pillage:config/panda/aggressive.png",
            "ascent": 7,
			"height": 40,
            "chars": [
                "\uF067"
            ]
        },
        {
            "type": "bitmap",
            "file": "pillage:config/panda/brown.png",
            "ascent": 7,
			"height": 40,
            "chars": [
                "\uF068"
            ]
        },
        {
            "type": "bitmap",
            "file": "pillage:config/mooshroom/red.png",
            "ascent": 7,
			"height": 40,
            "chars": [
                "\uF069"
            ]
        },
        {
            "type": "bitmap",
            "file": "pillage:config/mooshroom/brown.png",
            "ascent": 7,
			"height": 40,
            "chars": [
                "\uF06A"
            ]
        },
        {
            "type": "bitmap",
            "file": "pillage:config/fox/red.png",
            "ascent": 7,
			"height": 40,
            "chars": [
                "\uF06B"
            ]
        },
        {
            "type": "bitmap",
            "file": "pillage:config/fox/snowy.png",
            "ascent": 7,
			"height": 40,
            "chars": [
                "\uF06C"
            ]
        }
    ]
}
