{
  "final_wave_intro": {
	"sounds": [
	  {
		"name": "final_wave_intro"
	  }
	]
  },
  "final_wave_loop": {
	"sounds": [
	  {
		"name": "final_wave_loop"
	  }
	]
  },
  "final_wave_end": {
	"sounds": [
	  {
		"name": "final_wave_end"
	  }
	]
  },
  "final_wave_outro": {
	"sounds": [
	  {
		"name": "final_wave_outro"
	  }
	]
  },
  "grand_illusioner_intro": {
	"sounds": [
	  {
		"name": "boss/grand_illusioner_intro"
	  }
	]
  },
  "grand_illusioner_loop": {
	"sounds": [
	  {
		"name": "boss/grand_illusioner_loop"
	  }
	]
  },
  "grand_illusioner_test": {
	"sounds": [
	  {
		"name": "boss/grand_illusioner_test"
	  }
	]
  },
  "grand_illusioner_laugh": {
	"sounds": [
	  {
		"name": "boss/grand_illusioner_laugh"
	  }
	]
  }
}