{
	"credit": "Made with Blockbench",
	"texture_size": [32, 32],
	"textures": {
		"0": "item/structure_block/essencefight",
		"1": "item/structure_block/essenceprot",
		"2": "item/structure_block/essencescav",
		"3": "item/structure_block/erpglogo"
	},
	"elements": [
		{
			"from": [7.5, 3.7, 8.999],
			"to": [8.5, 4.7, 10.001],
			"rotation": {"angle": 0, "axis": "y", "origin": [15.5, 11.7, 17]},
			"faces": {
				"north": {"uv": [4.5, 4, 5, 4.5], "texture": "#3"},
				"east": {"uv": [3.5, 6, 4, 6.5], "texture": "#3"},
				"south": {"uv": [9, 6.5, 9.5, 7], "texture": "#3"},
				"west": {"uv": [9, 7.5, 9.5, 8], "texture": "#3"},
				"up": {"uv": [9.5, 8.5, 9, 8], "texture": "#3"},
				"down": {"uv": [9.5, 8.5, 9, 9], "texture": "#3"}
			}
		},
		{
			"from": [1, 5, 9],
			"to": [8, 6, 10],
			"rotation": {"angle": -22.5, "axis": "z", "origin": [4.5, 5.5, 9.5]},
			"faces": {
				"north": {"uv": [0, 0, 3.5, 0.5], "texture": "#3"},
				"east": {"uv": [2, 9.5, 2.5, 10], "texture": "#3"},
				"south": {"uv": [0, 0.5, 3.5, 1], "texture": "#3"},
				"west": {"uv": [2.5, 9.5, 3, 10], "texture": "#3"},
				"up": {"uv": [3.5, 1.5, 0, 1], "texture": "#3"},
				"down": {"uv": [3.5, 1.5, 0, 2], "texture": "#3"}
			}
		},
		{
			"from": [8, 5, 9],
			"to": [15, 6, 10],
			"rotation": {"angle": 22.5, "axis": "z", "origin": [11.5, 5.5, 9.5]},
			"faces": {
				"north": {"uv": [0, 2, 3.5, 2.5], "texture": "#3"},
				"east": {"uv": [3, 9.5, 3.5, 10], "texture": "#3"},
				"south": {"uv": [0, 2.5, 3.5, 3], "texture": "#3"},
				"west": {"uv": [3.5, 9.5, 4, 10], "texture": "#3"},
				"up": {"uv": [3.5, 3.5, 0, 3], "texture": "#3"},
				"down": {"uv": [3.5, 3.5, 0, 4], "texture": "#3"}
			}
		},
		{
			"from": [15.5, 13, 8.5],
			"to": [18, 13.5, 9],
			"rotation": {"angle": -22.5, "axis": "z", "origin": [9.30833, 12.30833, 8.75]},
			"faces": {
				"north": {"uv": [3.5, 2.5, 5, 3], "texture": "#3"},
				"east": {"uv": [4, 9.5, 4.5, 10], "texture": "#3"},
				"south": {"uv": [3.5, 3, 5, 3.5], "texture": "#3"},
				"west": {"uv": [4.5, 9.5, 5, 10], "texture": "#3"},
				"up": {"uv": [5.5, 4, 4, 3.5], "texture": "#3"},
				"down": {"uv": [6, 0, 4.5, 0.5], "texture": "#3"}
			}
		},
		{
			"from": [17.5, 11.5, 8.5],
			"to": [18, 13, 9],
			"rotation": {"angle": -22.5, "axis": "z", "origin": [9.30833, 12.30833, 8.75]},
			"faces": {
				"north": {"uv": [5, 2.5, 5.5, 3.5], "texture": "#3"},
				"east": {"uv": [5, 4, 5.5, 5], "texture": "#3"},
				"south": {"uv": [5.5, 7, 6, 8], "texture": "#3"},
				"west": {"uv": [0.5, 7.5, 1, 8.5], "texture": "#3"},
				"up": {"uv": [5.5, 10, 5, 9.5], "texture": "#3"},
				"down": {"uv": [6, 9.5, 5.5, 10], "texture": "#3"}
			}
		},
		{
			"from": [16, 12, 8.5],
			"to": [17.5, 12.5, 9],
			"rotation": {"angle": -22.5, "axis": "z", "origin": [9.30833, 12.30833, 8.75]},
			"faces": {
				"north": {"uv": [7, 6.5, 8, 7], "texture": "#3"},
				"east": {"uv": [6, 9.5, 6.5, 10], "texture": "#3"},
				"south": {"uv": [1, 7.5, 2, 8], "texture": "#3"},
				"west": {"uv": [6.5, 9.5, 7, 10], "texture": "#3"},
				"up": {"uv": [3, 8, 2, 7.5], "texture": "#3"},
				"down": {"uv": [4, 7.5, 3, 8], "texture": "#3"}
			}
		},
		{
			"from": [15.5, 11, 8.5],
			"to": [18, 11.5, 9],
			"rotation": {"angle": -22.5, "axis": "z", "origin": [9.30833, 12.30833, 8.75]},
			"faces": {
				"north": {"uv": [4.5, 0.5, 6, 1], "texture": "#3"},
				"east": {"uv": [7, 9.5, 7.5, 10], "texture": "#3"},
				"south": {"uv": [4.5, 1, 6, 1.5], "texture": "#3"},
				"west": {"uv": [7.5, 9.5, 8, 10], "texture": "#3"},
				"up": {"uv": [6, 2, 4.5, 1.5], "texture": "#3"},
				"down": {"uv": [6, 2, 4.5, 2.5], "texture": "#3"}
			}
		},
		{
			"from": [13, 13, 8.5],
			"to": [14.5, 13.5, 9],
			"rotation": {"angle": -22.5, "axis": "z", "origin": [9.30833, 12.30833, 8.75]},
			"faces": {
				"north": {"uv": [4, 7.5, 5, 8], "texture": "#3"},
				"east": {"uv": [8, 9.5, 8.5, 10], "texture": "#3"},
				"south": {"uv": [7, 7.5, 8, 8], "texture": "#3"},
				"west": {"uv": [8.5, 9.5, 9, 10], "texture": "#3"},
				"up": {"uv": [8.5, 0.5, 7.5, 0], "texture": "#3"},
				"down": {"uv": [8.5, 0.5, 7.5, 1], "texture": "#3"}
			}
		},
		{
			"from": [14.5, 12.5, 8.5],
			"to": [15, 13, 9],
			"rotation": {"angle": -22.5, "axis": "z", "origin": [9.30833, 12.30833, 8.75]},
			"faces": {
				"north": {"uv": [9, 9.5, 9.5, 10], "texture": "#3"},
				"east": {"uv": [9.5, 9.5, 10, 10], "texture": "#3"},
				"south": {"uv": [9.5, 0, 10, 0.5], "texture": "#3"},
				"west": {"uv": [9.5, 0.5, 10, 1], "texture": "#3"},
				"up": {"uv": [10, 1.5, 9.5, 1], "texture": "#3"},
				"down": {"uv": [10, 1.5, 9.5, 2], "texture": "#3"}
			}
		},
		{
			"from": [13, 12, 8.5],
			"to": [15, 12.5, 9],
			"rotation": {"angle": -22.5, "axis": "z", "origin": [9.30833, 12.30833, 8.75]},
			"faces": {
				"north": {"uv": [7.5, 1, 8.5, 1.5], "texture": "#3"},
				"east": {"uv": [9.5, 2, 10, 2.5], "texture": "#3"},
				"south": {"uv": [7.5, 1.5, 8.5, 2], "texture": "#3"},
				"west": {"uv": [9.5, 2.5, 10, 3], "texture": "#3"},
				"up": {"uv": [8.5, 2.5, 7.5, 2], "texture": "#3"},
				"down": {"uv": [8.5, 2.5, 7.5, 3], "texture": "#3"}
			}
		},
		{
			"from": [13, 11.5, 8.5],
			"to": [13.5, 12, 9],
			"rotation": {"angle": -22.5, "axis": "z", "origin": [9.30833, 12.30833, 8.75]},
			"faces": {
				"north": {"uv": [9.5, 3, 10, 3.5], "texture": "#3"},
				"east": {"uv": [9.5, 3.5, 10, 4], "texture": "#3"},
				"south": {"uv": [9.5, 4, 10, 4.5], "texture": "#3"},
				"west": {"uv": [9.5, 4.5, 10, 5], "texture": "#3"},
				"up": {"uv": [10, 5.5, 9.5, 5], "texture": "#3"},
				"down": {"uv": [10, 5.5, 9.5, 6], "texture": "#3"}
			}
		},
		{
			"from": [13.5, 11, 8.5],
			"to": [15, 11.5, 9],
			"rotation": {"angle": -22.5, "axis": "z", "origin": [9.30833, 12.30833, 8.75]},
			"faces": {
				"north": {"uv": [7.5, 3, 8.5, 3.5], "texture": "#3"},
				"east": {"uv": [9.5, 6, 10, 6.5], "texture": "#3"},
				"south": {"uv": [7.5, 3.5, 8.5, 4], "texture": "#3"},
				"west": {"uv": [9.5, 6.5, 10, 7], "texture": "#3"},
				"up": {"uv": [8.5, 4.5, 7.5, 4], "texture": "#3"},
				"down": {"uv": [8.5, 4.5, 7.5, 5], "texture": "#3"}
			}
		},
		{
			"from": [10.5, 13, 8.5],
			"to": [12, 13.5, 9],
			"rotation": {"angle": -22.5, "axis": "z", "origin": [9.30833, 12.30833, 8.75]},
			"faces": {
				"north": {"uv": [7.5, 5, 8.5, 5.5], "texture": "#3"},
				"east": {"uv": [9.5, 7, 10, 7.5], "texture": "#3"},
				"south": {"uv": [7.5, 5.5, 8.5, 6], "texture": "#3"},
				"west": {"uv": [9.5, 7.5, 10, 8], "texture": "#3"},
				"up": {"uv": [8.5, 6.5, 7.5, 6], "texture": "#3"},
				"down": {"uv": [2, 8, 1, 8.5], "texture": "#3"}
			}
		},
		{
			"from": [12, 12.5, 8.5],
			"to": [12.5, 13, 9],
			"rotation": {"angle": -22.5, "axis": "z", "origin": [9.30833, 12.30833, 8.75]},
			"faces": {
				"north": {"uv": [9.5, 8, 10, 8.5], "texture": "#3"},
				"east": {"uv": [9.5, 8.5, 10, 9], "texture": "#3"},
				"south": {"uv": [0, 10, 0.5, 10.5], "texture": "#3"},
				"west": {"uv": [0.5, 10, 1, 10.5], "texture": "#3"},
				"up": {"uv": [1.5, 10.5, 1, 10], "texture": "#3"},
				"down": {"uv": [2, 10, 1.5, 10.5], "texture": "#3"}
			}
		},
		{
			"from": [10.5, 12, 8.5],
			"to": [12.5, 12.5, 9],
			"rotation": {"angle": -22.5, "axis": "z", "origin": [9.30833, 12.30833, 8.75]},
			"faces": {
				"north": {"uv": [2, 8, 3, 8.5], "texture": "#3"},
				"east": {"uv": [2, 10, 2.5, 10.5], "texture": "#3"},
				"south": {"uv": [3, 8, 4, 8.5], "texture": "#3"},
				"west": {"uv": [2.5, 10, 3, 10.5], "texture": "#3"},
				"up": {"uv": [5, 8.5, 4, 8], "texture": "#3"},
				"down": {"uv": [6, 8, 5, 8.5], "texture": "#3"}
			}
		},
		{
			"from": [10.5, 11.5, 8.5],
			"to": [11, 12, 9],
			"rotation": {"angle": -22.5, "axis": "z", "origin": [9.30833, 12.30833, 8.75]},
			"faces": {
				"north": {"uv": [3, 10, 3.5, 10.5], "texture": "#3"},
				"east": {"uv": [3.5, 10, 4, 10.5], "texture": "#3"},
				"south": {"uv": [4, 10, 4.5, 10.5], "texture": "#3"},
				"west": {"uv": [4.5, 10, 5, 10.5], "texture": "#3"},
				"up": {"uv": [5.5, 10.5, 5, 10], "texture": "#3"},
				"down": {"uv": [6, 10, 5.5, 10.5], "texture": "#3"}
			}
		},
		{
			"from": [11, 11, 8.5],
			"to": [12.5, 11.5, 9],
			"rotation": {"angle": -22.5, "axis": "z", "origin": [9.30833, 12.30833, 8.75]},
			"faces": {
				"north": {"uv": [6, 8, 7, 8.5], "texture": "#3"},
				"east": {"uv": [6, 10, 6.5, 10.5], "texture": "#3"},
				"south": {"uv": [7, 8, 8, 8.5], "texture": "#3"},
				"west": {"uv": [6.5, 10, 7, 10.5], "texture": "#3"},
				"up": {"uv": [9, 8.5, 8, 8], "texture": "#3"},
				"down": {"uv": [9, 6.5, 8, 7], "texture": "#3"}
			}
		},
		{
			"from": [8, 11, 8.5],
			"to": [9.5, 11.5, 9],
			"rotation": {"angle": -22.5, "axis": "z", "origin": [9.30833, 12.30833, 8.75]},
			"faces": {
				"north": {"uv": [8, 7.5, 9, 8], "texture": "#3"},
				"east": {"uv": [7, 10, 7.5, 10.5], "texture": "#3"},
				"south": {"uv": [0, 8.5, 1, 9], "texture": "#3"},
				"west": {"uv": [7.5, 10, 8, 10.5], "texture": "#3"},
				"up": {"uv": [2, 9, 1, 8.5], "texture": "#3"},
				"down": {"uv": [3, 8.5, 2, 9], "texture": "#3"}
			}
		},
		{
			"from": [9.5, 11.5, 8.5],
			"to": [10, 13, 9],
			"rotation": {"angle": -22.5, "axis": "z", "origin": [9.30833, 12.30833, 8.75]},
			"faces": {
				"north": {"uv": [3, 8.5, 3.5, 9.5], "texture": "#3"},
				"east": {"uv": [3.5, 8.5, 4, 9.5], "texture": "#3"},
				"south": {"uv": [4, 8.5, 4.5, 9.5], "texture": "#3"},
				"west": {"uv": [4.5, 8.5, 5, 9.5], "texture": "#3"},
				"up": {"uv": [8.5, 10.5, 8, 10], "texture": "#3"},
				"down": {"uv": [9, 10, 8.5, 10.5], "texture": "#3"}
			}
		},
		{
			"from": [8.5, 12, 8.5],
			"to": [9.5, 12.5, 9],
			"rotation": {"angle": -22.5, "axis": "z", "origin": [9.30833, 12.30833, 8.75]},
			"faces": {
				"north": {"uv": [9, 10, 9.5, 10.5], "texture": "#3"},
				"east": {"uv": [9.5, 10, 10, 10.5], "texture": "#3"},
				"south": {"uv": [10, 10, 10.5, 10.5], "texture": "#3"},
				"west": {"uv": [10, 0, 10.5, 0.5], "texture": "#3"},
				"up": {"uv": [10.5, 1, 10, 0.5], "texture": "#3"},
				"down": {"uv": [10.5, 1, 10, 1.5], "texture": "#3"}
			}
		},
		{
			"from": [8.5, 13, 8.5],
			"to": [9.5, 13.5, 9],
			"rotation": {"angle": -22.5, "axis": "z", "origin": [9.30833, 12.30833, 8.75]},
			"faces": {
				"north": {"uv": [10, 1.5, 10.5, 2], "texture": "#3"},
				"east": {"uv": [10, 2, 10.5, 2.5], "texture": "#3"},
				"south": {"uv": [10, 2.5, 10.5, 3], "texture": "#3"},
				"west": {"uv": [10, 3, 10.5, 3.5], "texture": "#3"},
				"up": {"uv": [10.5, 4, 10, 3.5], "texture": "#3"},
				"down": {"uv": [10.5, 4, 10, 4.5], "texture": "#3"}
			}
		},
		{
			"from": [8, 12.5, 8.5],
			"to": [8.5, 13, 9],
			"rotation": {"angle": -22.5, "axis": "z", "origin": [9.30833, 12.30833, 8.75]},
			"faces": {
				"north": {"uv": [10, 4.5, 10.5, 5], "texture": "#3"},
				"east": {"uv": [10, 5, 10.5, 5.5], "texture": "#3"},
				"south": {"uv": [10, 5.5, 10.5, 6], "texture": "#3"},
				"west": {"uv": [10, 6, 10.5, 6.5], "texture": "#3"},
				"up": {"uv": [10.5, 7, 10, 6.5], "texture": "#3"},
				"down": {"uv": [10.5, 7, 10, 7.5], "texture": "#3"}
			}
		},
		{
			"from": [5.5, 11, 8.5],
			"to": [6, 13, 9],
			"rotation": {"angle": -22.5, "axis": "z", "origin": [9.30833, 12.30833, 8.75]},
			"faces": {
				"north": {"uv": [5, 8.5, 5.5, 9.5], "texture": "#3"},
				"east": {"uv": [5.5, 8.5, 6, 9.5], "texture": "#3"},
				"south": {"uv": [6, 8.5, 6.5, 9.5], "texture": "#3"},
				"west": {"uv": [6.5, 8.5, 7, 9.5], "texture": "#3"},
				"up": {"uv": [10.5, 8, 10, 7.5], "texture": "#3"},
				"down": {"uv": [10.5, 8, 10, 8.5], "texture": "#3"}
			}
		},
		{
			"from": [7, 11, 8.5],
			"to": [7.5, 13.5, 9],
			"rotation": {"angle": -22.5, "axis": "z", "origin": [9.30833, 12.30833, 8.75]},
			"faces": {
				"north": {"uv": [5, 5, 5.5, 6.5], "texture": "#3"},
				"east": {"uv": [5.5, 5.5, 6, 7], "texture": "#3"},
				"south": {"uv": [5.5, 2.5, 6, 4], "texture": "#3"},
				"west": {"uv": [5.5, 4, 6, 5.5], "texture": "#3"},
				"up": {"uv": [10.5, 9, 10, 8.5], "texture": "#3"},
				"down": {"uv": [10.5, 9, 10, 9.5], "texture": "#3"}
			}
		},
		{
			"from": [6, 13, 8.5],
			"to": [7, 13.5, 9],
			"rotation": {"angle": -22.5, "axis": "z", "origin": [9.30833, 12.30833, 8.75]},
			"faces": {
				"north": {"uv": [10, 9.5, 10.5, 10], "texture": "#3"},
				"east": {"uv": [0, 10.5, 0.5, 11], "texture": "#3"},
				"south": {"uv": [0.5, 10.5, 1, 11], "texture": "#3"},
				"west": {"uv": [1, 10.5, 1.5, 11], "texture": "#3"},
				"up": {"uv": [2, 11, 1.5, 10.5], "texture": "#3"},
				"down": {"uv": [2.5, 10.5, 2, 11], "texture": "#3"}
			}
		},
		{
			"from": [4.5, 11.5, 8.5],
			"to": [5, 13, 9],
			"rotation": {"angle": -22.5, "axis": "z", "origin": [9.30833, 12.30833, 8.75]},
			"faces": {
				"north": {"uv": [7, 8.5, 7.5, 9.5], "texture": "#3"},
				"east": {"uv": [7.5, 8.5, 8, 9.5], "texture": "#3"},
				"south": {"uv": [8, 8.5, 8.5, 9.5], "texture": "#3"},
				"west": {"uv": [8.5, 8.5, 9, 9.5], "texture": "#3"},
				"up": {"uv": [3, 11, 2.5, 10.5], "texture": "#3"},
				"down": {"uv": [3.5, 10.5, 3, 11], "texture": "#3"}
			}
		},
		{
			"from": [3, 11, 8.5],
			"to": [4.5, 11.5, 9],
			"rotation": {"angle": -22.5, "axis": "z", "origin": [9.30833, 12.30833, 8.75]},
			"faces": {
				"north": {"uv": [8.5, 0, 9.5, 0.5], "texture": "#3"},
				"east": {"uv": [3.5, 10.5, 4, 11], "texture": "#3"},
				"south": {"uv": [8.5, 0.5, 9.5, 1], "texture": "#3"},
				"west": {"uv": [4, 10.5, 4.5, 11], "texture": "#3"},
				"up": {"uv": [9.5, 1.5, 8.5, 1], "texture": "#3"},
				"down": {"uv": [9.5, 1.5, 8.5, 2], "texture": "#3"}
			}
		},
		{
			"from": [3, 13, 8.5],
			"to": [4.5, 13.5, 9],
			"rotation": {"angle": -22.5, "axis": "z", "origin": [9.30833, 12.30833, 8.75]},
			"faces": {
				"north": {"uv": [8.5, 2, 9.5, 2.5], "texture": "#3"},
				"east": {"uv": [4.5, 10.5, 5, 11], "texture": "#3"},
				"south": {"uv": [8.5, 2.5, 9.5, 3], "texture": "#3"},
				"west": {"uv": [5, 10.5, 5.5, 11], "texture": "#3"},
				"up": {"uv": [9.5, 3.5, 8.5, 3], "texture": "#3"},
				"down": {"uv": [9.5, 3.5, 8.5, 4], "texture": "#3"}
			}
		},
		{
			"from": [0.5, 11, 8.5],
			"to": [2, 11.5, 9],
			"rotation": {"angle": -22.5, "axis": "z", "origin": [9.30833, 12.30833, 8.75]},
			"faces": {
				"north": {"uv": [8.5, 4, 9.5, 4.5], "texture": "#3"},
				"east": {"uv": [5.5, 10.5, 6, 11], "texture": "#3"},
				"south": {"uv": [8.5, 4.5, 9.5, 5], "texture": "#3"},
				"west": {"uv": [6, 10.5, 6.5, 11], "texture": "#3"},
				"up": {"uv": [9.5, 5.5, 8.5, 5], "texture": "#3"},
				"down": {"uv": [9.5, 5.5, 8.5, 6], "texture": "#3"}
			}
		},
		{
			"from": [2, 11.5, 8.5],
			"to": [2.5, 13, 9],
			"rotation": {"angle": -22.5, "axis": "z", "origin": [9.30833, 12.30833, 8.75]},
			"faces": {
				"north": {"uv": [0, 9, 0.5, 10], "texture": "#3"},
				"east": {"uv": [0.5, 9, 1, 10], "texture": "#3"},
				"south": {"uv": [1, 9, 1.5, 10], "texture": "#3"},
				"west": {"uv": [1.5, 9, 2, 10], "texture": "#3"},
				"up": {"uv": [7, 11, 6.5, 10.5], "texture": "#3"},
				"down": {"uv": [7.5, 10.5, 7, 11], "texture": "#3"}
			}
		},
		{
			"from": [1, 12, 8.5],
			"to": [2, 12.5, 9],
			"rotation": {"angle": -22.5, "axis": "z", "origin": [9.30833, 12.30833, 8.75]},
			"faces": {
				"north": {"uv": [7.5, 10.5, 8, 11], "texture": "#3"},
				"east": {"uv": [8, 10.5, 8.5, 11], "texture": "#3"},
				"south": {"uv": [8.5, 10.5, 9, 11], "texture": "#3"},
				"west": {"uv": [9, 10.5, 9.5, 11], "texture": "#3"},
				"up": {"uv": [10, 11, 9.5, 10.5], "texture": "#3"},
				"down": {"uv": [10.5, 10.5, 10, 11], "texture": "#3"}
			}
		},
		{
			"from": [1, 13, 8.5],
			"to": [2, 13.5, 9],
			"rotation": {"angle": -22.5, "axis": "z", "origin": [9.30833, 12.30833, 8.75]},
			"faces": {
				"north": {"uv": [10.5, 10.5, 11, 11], "texture": "#3"},
				"east": {"uv": [10.5, 0, 11, 0.5], "texture": "#3"},
				"south": {"uv": [10.5, 0.5, 11, 1], "texture": "#3"},
				"west": {"uv": [10.5, 1, 11, 1.5], "texture": "#3"},
				"up": {"uv": [11, 2, 10.5, 1.5], "texture": "#3"},
				"down": {"uv": [11, 2, 10.5, 2.5], "texture": "#3"}
			}
		},
		{
			"from": [0.5, 12.5, 8.5],
			"to": [1, 13, 9],
			"rotation": {"angle": -22.5, "axis": "z", "origin": [9.30833, 12.30833, 8.75]},
			"faces": {
				"north": {"uv": [10.5, 2.5, 11, 3], "texture": "#3"},
				"east": {"uv": [10.5, 3, 11, 3.5], "texture": "#3"},
				"south": {"uv": [10.5, 3.5, 11, 4], "texture": "#3"},
				"west": {"uv": [10.5, 4, 11, 4.5], "texture": "#3"},
				"up": {"uv": [11, 5, 10.5, 4.5], "texture": "#3"},
				"down": {"uv": [11, 5, 10.5, 5.5], "texture": "#3"}
			}
		},
		{
			"from": [13, 5, 6],
			"to": [14, 10, 7],
			"rotation": {"angle": 0, "axis": "y", "origin": [21, 13, 14]},
			"faces": {
				"north": {"uv": [3.5, 3.5, 4, 6], "texture": "#3"},
				"east": {"uv": [3.5, 0, 4, 2.5], "texture": "#3"},
				"south": {"uv": [0, 4, 0.5, 6.5], "texture": "#3"},
				"west": {"uv": [0.5, 4, 1, 6.5], "texture": "#3"},
				"up": {"uv": [11, 6, 10.5, 5.5], "texture": "#3"},
				"down": {"uv": [11, 6, 10.5, 6.5], "texture": "#3"}
			}
		},
		{
			"from": [10, 9, 6],
			"to": [13, 10, 7],
			"rotation": {"angle": 0, "axis": "y", "origin": [20, 13, 14]},
			"faces": {
				"north": {"uv": [6, 6, 7.5, 6.5], "texture": "#3"},
				"east": {"uv": [10.5, 6.5, 11, 7], "texture": "#3"},
				"south": {"uv": [6, 0, 7.5, 0.5], "texture": "#3"},
				"west": {"uv": [10.5, 7, 11, 7.5], "texture": "#3"},
				"up": {"uv": [7.5, 1, 6, 0.5], "texture": "#3"},
				"down": {"uv": [7.5, 1, 6, 1.5], "texture": "#3"}
			}
		},
		{
			"from": [10, 8, 6],
			"to": [11, 9, 7],
			"rotation": {"angle": 0, "axis": "y", "origin": [20, 12, 14]},
			"faces": {
				"north": {"uv": [10.5, 7.5, 11, 8], "texture": "#3"},
				"east": {"uv": [10.5, 8, 11, 8.5], "texture": "#3"},
				"south": {"uv": [10.5, 8.5, 11, 9], "texture": "#3"},
				"west": {"uv": [10.5, 9, 11, 9.5], "texture": "#3"},
				"up": {"uv": [11, 10, 10.5, 9.5], "texture": "#3"},
				"down": {"uv": [11, 10, 10.5, 10.5], "texture": "#3"}
			}
		},
		{
			"from": [10, 5, 6],
			"to": [11, 6, 7],
			"rotation": {"angle": 0, "axis": "y", "origin": [20, 9, 14]},
			"faces": {
				"north": {"uv": [0, 11, 0.5, 11.5], "texture": "#3"},
				"east": {"uv": [0.5, 11, 1, 11.5], "texture": "#3"},
				"south": {"uv": [1, 11, 1.5, 11.5], "texture": "#3"},
				"west": {"uv": [1.5, 11, 2, 11.5], "texture": "#3"},
				"up": {"uv": [2.5, 11.5, 2, 11], "texture": "#3"},
				"down": {"uv": [3, 11, 2.5, 11.5], "texture": "#3"}
			}
		},
		{
			"from": [11, 6, 6],
			"to": [12, 7, 7],
			"rotation": {"angle": 0, "axis": "y", "origin": [21, 10, 14]},
			"faces": {
				"north": {"uv": [3, 11, 3.5, 11.5], "texture": "#3"},
				"east": {"uv": [3.5, 11, 4, 11.5], "texture": "#3"},
				"south": {"uv": [4, 11, 4.5, 11.5], "texture": "#3"},
				"west": {"uv": [4.5, 11, 5, 11.5], "texture": "#3"},
				"up": {"uv": [5.5, 11.5, 5, 11], "texture": "#3"},
				"down": {"uv": [6, 11, 5.5, 11.5], "texture": "#3"}
			}
		},
		{
			"from": [10, 7, 6],
			"to": [13, 8, 7],
			"rotation": {"angle": 0, "axis": "y", "origin": [20, 11, 14]},
			"faces": {
				"north": {"uv": [6, 1.5, 7.5, 2], "texture": "#3"},
				"east": {"uv": [6, 11, 6.5, 11.5], "texture": "#3"},
				"south": {"uv": [6, 2, 7.5, 2.5], "texture": "#3"},
				"west": {"uv": [6.5, 11, 7, 11.5], "texture": "#3"},
				"up": {"uv": [7.5, 3, 6, 2.5], "texture": "#3"},
				"down": {"uv": [7.5, 3, 6, 3.5], "texture": "#3"}
			}
		},
		{
			"from": [9, 5, 6],
			"to": [10, 10, 7],
			"rotation": {"angle": 0, "axis": "y", "origin": [17, 13, 14]},
			"faces": {
				"north": {"uv": [1, 4, 1.5, 6.5], "texture": "#3"},
				"east": {"uv": [1.5, 4, 2, 6.5], "texture": "#3"},
				"south": {"uv": [2, 4, 2.5, 6.5], "texture": "#3"},
				"west": {"uv": [2.5, 4, 3, 6.5], "texture": "#3"},
				"up": {"uv": [7.5, 11.5, 7, 11], "texture": "#3"},
				"down": {"uv": [8, 11, 7.5, 11.5], "texture": "#3"}
			}
		},
		{
			"from": [6, 9, 6],
			"to": [9, 10, 7],
			"rotation": {"angle": 0, "axis": "y", "origin": [16, 13, 14]},
			"faces": {
				"north": {"uv": [6, 3.5, 7.5, 4], "texture": "#3"},
				"east": {"uv": [8, 11, 8.5, 11.5], "texture": "#3"},
				"south": {"uv": [6, 4, 7.5, 4.5], "texture": "#3"},
				"west": {"uv": [8.5, 11, 9, 11.5], "texture": "#3"},
				"up": {"uv": [7.5, 5, 6, 4.5], "texture": "#3"},
				"down": {"uv": [7.5, 5, 6, 5.5], "texture": "#3"}
			}
		},
		{
			"from": [6, 8, 6],
			"to": [7, 9, 7],
			"rotation": {"angle": 0, "axis": "y", "origin": [16, 12, 14]},
			"faces": {
				"north": {"uv": [9, 11, 9.5, 11.5], "texture": "#3"},
				"east": {"uv": [9.5, 11, 10, 11.5], "texture": "#3"},
				"south": {"uv": [10, 11, 10.5, 11.5], "texture": "#3"},
				"west": {"uv": [10.5, 11, 11, 11.5], "texture": "#3"},
				"up": {"uv": [11.5, 11.5, 11, 11], "texture": "#3"},
				"down": {"uv": [11.5, 0, 11, 0.5], "texture": "#3"}
			}
		},
		{
			"from": [6, 7, 6],
			"to": [9, 8, 7],
			"rotation": {"angle": 0, "axis": "y", "origin": [16, 11, 14]},
			"faces": {
				"north": {"uv": [6, 5.5, 7.5, 6], "texture": "#3"},
				"east": {"uv": [11, 0.5, 11.5, 1], "texture": "#3"},
				"south": {"uv": [0, 6.5, 1.5, 7], "texture": "#3"},
				"west": {"uv": [11, 1, 11.5, 1.5], "texture": "#3"},
				"up": {"uv": [3, 7, 1.5, 6.5], "texture": "#3"},
				"down": {"uv": [4.5, 6.5, 3, 7], "texture": "#3"}
			}
		},
		{
			"from": [5, 5, 6],
			"to": [6, 10, 7],
			"rotation": {"angle": 0, "axis": "y", "origin": [13, 13, 14]},
			"faces": {
				"north": {"uv": [3, 4, 3.5, 6.5], "texture": "#3"},
				"east": {"uv": [4, 4, 4.5, 6.5], "texture": "#3"},
				"south": {"uv": [4, 0, 4.5, 2.5], "texture": "#3"},
				"west": {"uv": [4.5, 4.5, 5, 7], "texture": "#3"},
				"up": {"uv": [11.5, 2, 11, 1.5], "texture": "#3"},
				"down": {"uv": [11.5, 2, 11, 2.5], "texture": "#3"}
			}
		},
		{
			"from": [2, 5, 6],
			"to": [3, 8, 7],
			"rotation": {"angle": 0, "axis": "y", "origin": [10, 13, 14]},
			"faces": {
				"north": {"uv": [5, 6.5, 5.5, 8], "texture": "#3"},
				"east": {"uv": [6, 6.5, 6.5, 8], "texture": "#3"},
				"south": {"uv": [6.5, 6.5, 7, 8], "texture": "#3"},
				"west": {"uv": [0, 7, 0.5, 8.5], "texture": "#3"},
				"up": {"uv": [11.5, 3, 11, 2.5], "texture": "#3"},
				"down": {"uv": [11.5, 3, 11, 3.5], "texture": "#3"}
			}
		},
		{
			"from": [3, 7, 6],
			"to": [4, 8, 7],
			"rotation": {"angle": 0, "axis": "y", "origin": [11, 13, 14]},
			"faces": {
				"north": {"uv": [11, 3.5, 11.5, 4], "texture": "#3"},
				"east": {"uv": [11, 4, 11.5, 4.5], "texture": "#3"},
				"south": {"uv": [11, 4.5, 11.5, 5], "texture": "#3"},
				"west": {"uv": [11, 5, 11.5, 5.5], "texture": "#3"},
				"up": {"uv": [11.5, 6, 11, 5.5], "texture": "#3"},
				"down": {"uv": [11.5, 6, 11, 6.5], "texture": "#3"}
			}
		},
		{
			"from": [2, 9, 6],
			"to": [5, 10, 7],
			"rotation": {"angle": 0, "axis": "y", "origin": [10, 15, 14]},
			"faces": {
				"north": {"uv": [0.5, 7, 2, 7.5], "texture": "#3"},
				"east": {"uv": [11, 6.5, 11.5, 7], "texture": "#3"},
				"south": {"uv": [2, 7, 3.5, 7.5], "texture": "#3"},
				"west": {"uv": [11, 7, 11.5, 7.5], "texture": "#3"},
				"up": {"uv": [5, 7.5, 3.5, 7], "texture": "#3"},
				"down": {"uv": [8.5, 7, 7, 7.5], "texture": "#3"}
			}
		},
		{
			"from": [3, 5, 6],
			"to": [5, 6, 7],
			"rotation": {"angle": 0, "axis": "y", "origin": [12, 13, 14]},
			"faces": {
				"north": {"uv": [8.5, 6, 9.5, 6.5], "texture": "#3"},
				"east": {"uv": [11, 7.5, 11.5, 8], "texture": "#3"},
				"south": {"uv": [8.5, 7, 9.5, 7.5], "texture": "#3"},
				"west": {"uv": [11, 8, 11.5, 8.5], "texture": "#3"},
				"up": {"uv": [3, 9.5, 2, 9], "texture": "#3"},
				"down": {"uv": [10, 9, 9, 9.5], "texture": "#3"}
			}
		},
		{
			"name": "soul2",
			"from": [0.1, 1, 10.5],
			"to": [6.1, 10, 12],
			"rotation": {"angle": 45, "axis": "z", "origin": [3.1, 13, 12]},
			"faces": {
				"north": {"uv": [0, 0, 4, 6], "texture": "#0"},
				"east": {"uv": [8, 8, 9, 14], "texture": "#0"},
				"south": {"uv": [4, 4, 8, 10], "texture": "#0"},
				"west": {"uv": [8, 0, 9, 6], "texture": "#0"},
				"up": {"uv": [13, 5, 9, 4], "texture": "#0"},
				"down": {"uv": [13, 5, 9, 6], "texture": "#0"}
			}
		},
		{
			"name": "soul3",
			"from": [6.1, 2.5, 10.5],
			"to": [7.6, 8.5, 12],
			"rotation": {"angle": 45, "axis": "z", "origin": [3.1, 13, 12]},
			"faces": {
				"north": {"uv": [0, 10, 1, 14], "texture": "#0"},
				"east": {"uv": [1, 10, 2, 14], "texture": "#0"},
				"south": {"uv": [2, 10, 3, 14], "texture": "#0"},
				"west": {"uv": [3, 10, 4, 14], "texture": "#0"},
				"up": {"uv": [10, 9, 9, 8], "texture": "#0"},
				"down": {"uv": [11, 10, 10, 11], "texture": "#0"}
			}
		},
		{
			"name": "soul4",
			"from": [-1.4, 2.5, 10.5],
			"to": [0.1, 8.5, 12],
			"rotation": {"angle": 45, "axis": "z", "origin": [3.1, 13, 12]},
			"faces": {
				"north": {"uv": [4, 10, 5, 14], "texture": "#0"},
				"east": {"uv": [5, 10, 6, 14], "texture": "#0"},
				"south": {"uv": [6, 10, 7, 14], "texture": "#0"},
				"west": {"uv": [7, 10, 8, 14], "texture": "#0"},
				"up": {"uv": [11, 1, 10, 0], "texture": "#0"},
				"down": {"uv": [11, 1, 10, 2], "texture": "#0"}
			}
		},
		{
			"from": [6.1, 14.5, 10.5],
			"to": [7.6, 16, 12],
			"rotation": {"angle": 45, "axis": "z", "origin": [6.85, 15.25, 11.25]},
			"faces": {
				"north": {"uv": [10, 2, 11, 3], "texture": "#0"},
				"east": {"uv": [10, 3, 11, 4], "texture": "#0"},
				"south": {"uv": [10, 8, 11, 9], "texture": "#0"},
				"west": {"uv": [10, 9, 11, 10], "texture": "#0"},
				"up": {"uv": [11, 12, 10, 11], "texture": "#0"},
				"down": {"uv": [12, 11, 11, 12], "texture": "#0"}
			}
		},
		{
			"from": [3.1, 16, 10.5],
			"to": [4.6, 17.5, 12],
			"rotation": {"angle": 45, "axis": "z", "origin": [3.85, 16.75, 11.25]},
			"faces": {
				"north": {"uv": [11, 0, 12, 1], "texture": "#0"},
				"east": {"uv": [11, 1, 12, 2], "texture": "#0"},
				"south": {"uv": [11, 2, 12, 3], "texture": "#0"},
				"west": {"uv": [11, 3, 12, 4], "texture": "#0"},
				"up": {"uv": [12, 9, 11, 8], "texture": "#0"},
				"down": {"uv": [12, 9, 11, 10], "texture": "#0"}
			}
		},
		{
			"from": [3.1, 13, 10.5],
			"to": [4.6, 14.5, 12],
			"rotation": {"angle": 45, "axis": "z", "origin": [3.85, 13.75, 11.25]},
			"faces": {
				"north": {"uv": [11, 10, 12, 11], "texture": "#0"},
				"east": {"uv": [10, 12, 11, 13], "texture": "#0"},
				"south": {"uv": [11, 12, 12, 13], "texture": "#0"},
				"west": {"uv": [12, 12, 13, 13], "texture": "#0"},
				"up": {"uv": [13, 1, 12, 0], "texture": "#0"},
				"down": {"uv": [13, 1, 12, 2], "texture": "#0"}
			}
		},
		{
			"from": [0.1, 13, 10.5],
			"to": [1.6, 14.5, 12],
			"rotation": {"angle": 45, "axis": "z", "origin": [0.85, 13.75, 11.25]},
			"faces": {
				"north": {"uv": [12, 2, 13, 3], "texture": "#0"},
				"east": {"uv": [12, 3, 13, 4], "texture": "#0"},
				"south": {"uv": [12, 6, 13, 7], "texture": "#0"},
				"west": {"uv": [12, 7, 13, 8], "texture": "#0"},
				"up": {"uv": [13, 9, 12, 8], "texture": "#0"},
				"down": {"uv": [13, 9, 12, 10], "texture": "#0"}
			}
		},
		{
			"from": [0.1, 16, 10.5],
			"to": [1.6, 17.5, 12],
			"rotation": {"angle": 45, "axis": "z", "origin": [0.85, 16.75, 11.25]},
			"faces": {
				"north": {"uv": [12, 10, 13, 11], "texture": "#0"},
				"east": {"uv": [12, 11, 13, 12], "texture": "#0"},
				"south": {"uv": [9, 13, 10, 14], "texture": "#0"},
				"west": {"uv": [10, 13, 11, 14], "texture": "#0"},
				"up": {"uv": [12, 14, 11, 13], "texture": "#0"},
				"down": {"uv": [13, 13, 12, 14], "texture": "#0"}
			}
		},
		{
			"from": [1.6, 10, 10.5],
			"to": [3.1, 11.5, 12],
			"rotation": {"angle": 45, "axis": "z", "origin": [2.35, 10.75, 11.25]},
			"faces": {
				"north": {"uv": [13, 13, 14, 14], "texture": "#0"},
				"east": {"uv": [13, 0, 14, 1], "texture": "#0"},
				"south": {"uv": [13, 1, 14, 2], "texture": "#0"},
				"west": {"uv": [13, 2, 14, 3], "texture": "#0"},
				"up": {"uv": [14, 4, 13, 3], "texture": "#0"},
				"down": {"uv": [14, 4, 13, 5], "texture": "#0"}
			}
		},
		{
			"name": "base",
			"from": [0.1, 2.5, 10.4625],
			"to": [6.1, 8.5, 12.0375],
			"rotation": {"angle": 45, "axis": "z", "origin": [3.1, 13, 12]},
			"faces": {
				"north": {"uv": [4, 0, 8, 4], "texture": "#0"},
				"east": {"uv": [9, 9, 10, 13], "texture": "#0"},
				"south": {"uv": [0, 6, 4, 10], "texture": "#0"},
				"west": {"uv": [9, 0, 10, 4], "texture": "#0"},
				"up": {"uv": [12, 7, 8, 6], "texture": "#0"},
				"down": {"uv": [12, 7, 8, 8], "texture": "#0"}
			}
		},
		{
			"name": "soul2",
			"from": [6, 7, 13],
			"to": [10, 13, 14],
			"rotation": {"angle": 45, "axis": "z", "origin": [8, 15, 14]},
			"faces": {
				"north": {"uv": [0, 0, 4, 6], "texture": "#1"},
				"east": {"uv": [8, 8, 9, 14], "texture": "#1"},
				"south": {"uv": [4, 4, 8, 10], "texture": "#1"},
				"west": {"uv": [8, 0, 9, 6], "texture": "#1"},
				"up": {"uv": [13, 5, 9, 4], "texture": "#1"},
				"down": {"uv": [13, 5, 9, 6], "texture": "#1"}
			}
		},
		{
			"name": "soul3",
			"from": [10, 8, 13],
			"to": [11, 12, 14],
			"rotation": {"angle": 45, "axis": "z", "origin": [8, 15, 14]},
			"faces": {
				"north": {"uv": [0, 10, 1, 14], "texture": "#1"},
				"east": {"uv": [1, 10, 2, 14], "texture": "#1"},
				"south": {"uv": [2, 10, 3, 14], "texture": "#1"},
				"west": {"uv": [3, 10, 4, 14], "texture": "#1"},
				"up": {"uv": [10, 9, 9, 8], "texture": "#1"},
				"down": {"uv": [11, 10, 10, 11], "texture": "#1"}
			}
		},
		{
			"name": "soul4",
			"from": [5, 8, 13],
			"to": [6, 12, 14],
			"rotation": {"angle": 45, "axis": "z", "origin": [8, 15, 14]},
			"faces": {
				"north": {"uv": [4, 10, 5, 14], "texture": "#1"},
				"east": {"uv": [5, 10, 6, 14], "texture": "#1"},
				"south": {"uv": [6, 10, 7, 14], "texture": "#1"},
				"west": {"uv": [7, 10, 8, 14], "texture": "#1"},
				"up": {"uv": [11, 1, 10, 0], "texture": "#1"},
				"down": {"uv": [11, 1, 10, 2], "texture": "#1"}
			}
		},
		{
			"from": [10, 16, 13],
			"to": [11, 17, 14],
			"rotation": {"angle": 45, "axis": "z", "origin": [10.5, 16.5, 13.5]},
			"faces": {
				"north": {"uv": [10, 2, 11, 3], "texture": "#1"},
				"east": {"uv": [10, 3, 11, 4], "texture": "#1"},
				"south": {"uv": [10, 8, 11, 9], "texture": "#1"},
				"west": {"uv": [10, 9, 11, 10], "texture": "#1"},
				"up": {"uv": [11, 12, 10, 11], "texture": "#1"},
				"down": {"uv": [12, 11, 11, 12], "texture": "#1"}
			}
		},
		{
			"from": [8, 17, 13],
			"to": [9, 18, 14],
			"rotation": {"angle": 45, "axis": "z", "origin": [8.5, 17.5, 13.5]},
			"faces": {
				"north": {"uv": [11, 0, 12, 1], "texture": "#1"},
				"east": {"uv": [11, 1, 12, 2], "texture": "#1"},
				"south": {"uv": [11, 2, 12, 3], "texture": "#1"},
				"west": {"uv": [11, 3, 12, 4], "texture": "#1"},
				"up": {"uv": [12, 9, 11, 8], "texture": "#1"},
				"down": {"uv": [12, 9, 11, 10], "texture": "#1"}
			}
		},
		{
			"from": [8, 15, 13],
			"to": [9, 16, 14],
			"rotation": {"angle": 45, "axis": "z", "origin": [8.5, 15.5, 13.5]},
			"faces": {
				"north": {"uv": [11, 10, 12, 11], "texture": "#1"},
				"east": {"uv": [10, 12, 11, 13], "texture": "#1"},
				"south": {"uv": [11, 12, 12, 13], "texture": "#1"},
				"west": {"uv": [12, 12, 13, 13], "texture": "#1"},
				"up": {"uv": [13, 1, 12, 0], "texture": "#1"},
				"down": {"uv": [13, 1, 12, 2], "texture": "#1"}
			}
		},
		{
			"from": [6, 15, 13],
			"to": [7, 16, 14],
			"rotation": {"angle": 45, "axis": "z", "origin": [6.5, 15.5, 13.5]},
			"faces": {
				"north": {"uv": [12, 2, 13, 3], "texture": "#1"},
				"east": {"uv": [12, 3, 13, 4], "texture": "#1"},
				"south": {"uv": [12, 6, 13, 7], "texture": "#1"},
				"west": {"uv": [12, 7, 13, 8], "texture": "#1"},
				"up": {"uv": [13, 9, 12, 8], "texture": "#1"},
				"down": {"uv": [13, 9, 12, 10], "texture": "#1"}
			}
		},
		{
			"from": [6, 17, 13],
			"to": [7, 18, 14],
			"rotation": {"angle": 45, "axis": "z", "origin": [6.5, 17.5, 13.5]},
			"faces": {
				"north": {"uv": [12, 10, 13, 11], "texture": "#1"},
				"east": {"uv": [12, 11, 13, 12], "texture": "#1"},
				"south": {"uv": [9, 13, 10, 14], "texture": "#1"},
				"west": {"uv": [10, 13, 11, 14], "texture": "#1"},
				"up": {"uv": [12, 14, 11, 13], "texture": "#1"},
				"down": {"uv": [13, 13, 12, 14], "texture": "#1"}
			}
		},
		{
			"from": [7, 13, 13],
			"to": [8, 14, 14],
			"rotation": {"angle": 45, "axis": "z", "origin": [7.5, 13.5, 13.5]},
			"faces": {
				"north": {"uv": [13, 13, 14, 14], "texture": "#1"},
				"east": {"uv": [13, 0, 14, 1], "texture": "#1"},
				"south": {"uv": [13, 1, 14, 2], "texture": "#1"},
				"west": {"uv": [13, 2, 14, 3], "texture": "#1"},
				"up": {"uv": [14, 4, 13, 3], "texture": "#1"},
				"down": {"uv": [14, 4, 13, 5], "texture": "#1"}
			}
		},
		{
			"name": "base",
			"from": [6, 8, 12.975],
			"to": [10, 12, 14.025],
			"rotation": {"angle": 45, "axis": "z", "origin": [8, 15, 14]},
			"faces": {
				"north": {"uv": [4, 0, 8, 4], "texture": "#1"},
				"east": {"uv": [9, 9, 10, 13], "texture": "#1"},
				"south": {"uv": [0, 6, 4, 10], "texture": "#1"},
				"west": {"uv": [9, 0, 10, 4], "texture": "#1"},
				"up": {"uv": [12, 7, 8, 6], "texture": "#1"},
				"down": {"uv": [12, 7, 8, 8], "texture": "#1"}
			}
		},
		{
			"name": "soul2",
			"from": [-2, 2, 13],
			"to": [2, 8, 14],
			"rotation": {"angle": 45, "axis": "z", "origin": [0, 10, 14]},
			"faces": {
				"north": {"uv": [0, 0, 4, 6], "texture": "#2"},
				"east": {"uv": [8, 8, 9, 14], "texture": "#2"},
				"south": {"uv": [4, 4, 8, 10], "texture": "#2"},
				"west": {"uv": [8, 0, 9, 6], "texture": "#2"},
				"up": {"uv": [13, 5, 9, 4], "texture": "#2"},
				"down": {"uv": [13, 5, 9, 6], "texture": "#2"}
			}
		},
		{
			"name": "soul3",
			"from": [2, 3, 13],
			"to": [3, 7, 14],
			"rotation": {"angle": 45, "axis": "z", "origin": [0, 10, 14]},
			"faces": {
				"north": {"uv": [0, 10, 1, 14], "texture": "#2"},
				"east": {"uv": [1, 10, 2, 14], "texture": "#2"},
				"south": {"uv": [2, 10, 3, 14], "texture": "#2"},
				"west": {"uv": [3, 10, 4, 14], "texture": "#2"},
				"up": {"uv": [10, 9, 9, 8], "texture": "#2"},
				"down": {"uv": [11, 10, 10, 11], "texture": "#2"}
			}
		},
		{
			"name": "soul4",
			"from": [-3, 3, 13],
			"to": [-2, 7, 14],
			"rotation": {"angle": 45, "axis": "z", "origin": [0, 10, 14]},
			"faces": {
				"north": {"uv": [4, 10, 5, 14], "texture": "#2"},
				"east": {"uv": [5, 10, 6, 14], "texture": "#2"},
				"south": {"uv": [6, 10, 7, 14], "texture": "#2"},
				"west": {"uv": [7, 10, 8, 14], "texture": "#2"},
				"up": {"uv": [11, 1, 10, 0], "texture": "#2"},
				"down": {"uv": [11, 1, 10, 2], "texture": "#2"}
			}
		},
		{
			"from": [2, 11, 13],
			"to": [3, 12, 14],
			"rotation": {"angle": 45, "axis": "z", "origin": [2.5, 11.5, 13.5]},
			"faces": {
				"north": {"uv": [10, 2, 11, 3], "texture": "#2"},
				"east": {"uv": [10, 3, 11, 4], "texture": "#2"},
				"south": {"uv": [10, 8, 11, 9], "texture": "#2"},
				"west": {"uv": [10, 9, 11, 10], "texture": "#2"},
				"up": {"uv": [11, 12, 10, 11], "texture": "#2"},
				"down": {"uv": [12, 11, 11, 12], "texture": "#2"}
			}
		},
		{
			"from": [0, 12, 13],
			"to": [1, 13, 14],
			"rotation": {"angle": 45, "axis": "z", "origin": [0.5, 12.5, 13.5]},
			"faces": {
				"north": {"uv": [11, 0, 12, 1], "texture": "#2"},
				"east": {"uv": [11, 1, 12, 2], "texture": "#2"},
				"south": {"uv": [11, 2, 12, 3], "texture": "#2"},
				"west": {"uv": [11, 3, 12, 4], "texture": "#2"},
				"up": {"uv": [12, 9, 11, 8], "texture": "#2"},
				"down": {"uv": [12, 9, 11, 10], "texture": "#2"}
			}
		},
		{
			"from": [0, 10, 13],
			"to": [1, 11, 14],
			"rotation": {"angle": 45, "axis": "z", "origin": [0.5, 10.5, 13.5]},
			"faces": {
				"north": {"uv": [11, 10, 12, 11], "texture": "#2"},
				"east": {"uv": [10, 12, 11, 13], "texture": "#2"},
				"south": {"uv": [11, 12, 12, 13], "texture": "#2"},
				"west": {"uv": [12, 12, 13, 13], "texture": "#2"},
				"up": {"uv": [13, 1, 12, 0], "texture": "#2"},
				"down": {"uv": [13, 1, 12, 2], "texture": "#2"}
			}
		},
		{
			"from": [-2, 10, 13],
			"to": [-1, 11, 14],
			"rotation": {"angle": 45, "axis": "z", "origin": [-1.5, 10.5, 13.5]},
			"faces": {
				"north": {"uv": [12, 2, 13, 3], "texture": "#2"},
				"east": {"uv": [12, 3, 13, 4], "texture": "#2"},
				"south": {"uv": [12, 6, 13, 7], "texture": "#2"},
				"west": {"uv": [12, 7, 13, 8], "texture": "#2"},
				"up": {"uv": [13, 9, 12, 8], "texture": "#2"},
				"down": {"uv": [13, 9, 12, 10], "texture": "#2"}
			}
		},
		{
			"from": [-2, 12, 13],
			"to": [-1, 13, 14],
			"rotation": {"angle": 45, "axis": "z", "origin": [-1.5, 12.5, 13.5]},
			"faces": {
				"north": {"uv": [12, 10, 13, 11], "texture": "#2"},
				"east": {"uv": [12, 11, 13, 12], "texture": "#2"},
				"south": {"uv": [9, 13, 10, 14], "texture": "#2"},
				"west": {"uv": [10, 13, 11, 14], "texture": "#2"},
				"up": {"uv": [12, 14, 11, 13], "texture": "#2"},
				"down": {"uv": [13, 13, 12, 14], "texture": "#2"}
			}
		},
		{
			"from": [-1, 8, 13],
			"to": [0, 9, 14],
			"rotation": {"angle": 45, "axis": "z", "origin": [-0.5, 8.5, 13.5]},
			"faces": {
				"north": {"uv": [13, 13, 14, 14], "texture": "#2"},
				"east": {"uv": [13, 0, 14, 1], "texture": "#2"},
				"south": {"uv": [13, 1, 14, 2], "texture": "#2"},
				"west": {"uv": [13, 2, 14, 3], "texture": "#2"},
				"up": {"uv": [14, 4, 13, 3], "texture": "#2"},
				"down": {"uv": [14, 4, 13, 5], "texture": "#2"}
			}
		},
		{
			"name": "base",
			"from": [-2, 3, 12.975],
			"to": [2, 7, 14.025],
			"rotation": {"angle": 45, "axis": "z", "origin": [0, 10, 14]},
			"faces": {
				"north": {"uv": [4, 0, 8, 4], "texture": "#2"},
				"east": {"uv": [9, 9, 10, 13], "texture": "#2"},
				"south": {"uv": [0, 6, 4, 10], "texture": "#2"},
				"west": {"uv": [9, 0, 10, 4], "texture": "#2"},
				"up": {"uv": [12, 7, 8, 6], "texture": "#2"},
				"down": {"uv": [12, 7, 8, 8], "texture": "#2"}
			}
		}
	],
	"display": {
		"thirdperson_righthand": {
			"rotation": [75, 0, 0],
			"translation": [0, 3.5, 0],
			"scale": [0.55, 0.55, 0.55]
		},
		"thirdperson_lefthand": {
			"rotation": [75, 0, 0],
			"translation": [0, 3.5, 1],
			"scale": [0.55, 0.55, 0.55]
		},
		"firstperson_righthand": {
			"rotation": [0, -180, 0],
			"translation": [-9, 6.5, 1]
		},
		"firstperson_lefthand": {
			"rotation": [41, 0, -135],
			"translation": [-9, 1.75, 3],
			"scale": [0.68, 0.68, 0.68]
		},
		"ground": {
			"translation": [-3, 4, 0],
			"scale": [0.8, 0.8, 0.5]
		},
		"gui": {
			"rotation": [-180, 0, -180],
			"translation": [0, -1.25, 0],
			"scale": [0.75, 0.75, 0.75]
		},
		"head": {
			"translation": [0, -0.25, -12.75]
		},
		"fixed": {
			"translation": [0.5, -1.5, -6]
		}
	},
	"groups": [
		{
			"name": "border",
			"origin": [11.5, 5.5, 9.5],
			"children": [0, 1, 2]
		},
		{
			"name": "essence",
			"origin": [23, 12, 8],
			"children": [
				{
					"name": "capital e",
					"origin": [23, 8, 8],
					"children": [3, 4, 5, 6]
				},
				{
					"name": "s",
					"origin": [17, 8, 8],
					"children": [7, 8, 9, 10, 11]
				},
				{
					"name": "s2",
					"origin": [17, 8, 8],
					"children": [12, 13, 14, 15, 16]
				},
				{
					"name": "e",
					"origin": [10, 9, 8],
					"children": [17, 18, 19, 20, 21]
				},
				{
					"name": "n",
					"origin": [18, 8, 8],
					"children": [22, 23, 24]
				},
				{
					"name": "c",
					"origin": [18, 13, 8],
					"children": [25, 26, 27]
				},
				{
					"name": "e2",
					"origin": [10, 9, 8],
					"children": [28, 29, 30, 31, 32]
				}
			]
		},
		{
			"name": "R",
			"origin": [8, 8, 8],
			"children": [33, 34, 35, 36, 37, 38]
		},
		{
			"name": "P",
			"origin": [8, 8, 8],
			"children": [39, 40, 41, 42]
		},
		{
			"name": "G",
			"origin": [8, 8, 8],
			"children": [43, 44, 45, 46, 47]
		},
		{
			"name": "essencefight",
			"origin": [8, 8, 8],
			"children": [
				{
					"name": "soul",
					"origin": [8, 8, 8],
					"children": [48, 49, 50]
				},
				{
					"name": "aura",
					"origin": [8, 8, 8],
					"children": [51, 52, 53, 54, 55, 56]
				}, 57]
		},
		{
			"name": "essenceprot",
			"origin": [8, 8, 8],
			"children": [
				{
					"name": "soul",
					"origin": [8, 8, 8],
					"children": [58, 59, 60]
				},
				{
					"name": "aura",
					"origin": [8, 8, 8],
					"children": [61, 62, 63, 64, 65, 66]
				}, 67]
		},
		{
			"name": "essencescav",
			"origin": [8, 8, 8],
			"children": [
				{
					"name": "soul",
					"origin": [8, 8, 8],
					"children": [68, 69, 70]
				},
				{
					"name": "aura",
					"origin": [8, 8, 8],
					"children": [71, 72, 73, 74, 75, 76]
				}, 77]
		}
	]
}