{
	"credit": "Made with Blockbench",
	"textures": {
		"0": "item/structure_block/plagueshot",
		"particle": "item/structure_block/plagueshot"
	},
	"elements": [
		{
			"from": [9, 5, 7],
			"to": [10, 7, 9],
			"rotation": {"angle": 0, "axis": "y", "origin": [15, 13, 14]},
			"faces": {
				"north": {"uv": [8, 0, 9, 2], "texture": "#0"},
				"east": {"uv": [4, 2, 6, 4], "texture": "#0"},
				"south": {"uv": [8, 2, 9, 4], "texture": "#0"},
				"west": {"uv": [2, 6, 4, 8], "texture": "#0"},
				"up": {"uv": [9, 6, 8, 4], "texture": "#0"},
				"down": {"uv": [9, 6, 8, 8], "texture": "#0"}
			}
		},
		{
			"from": [6, 5, 7],
			"to": [7, 7, 9],
			"rotation": {"angle": 0, "axis": "y", "origin": [12, 13, 14]},
			"faces": {
				"north": {"uv": [6, 9, 7, 11], "texture": "#0"},
				"east": {"uv": [6, 2, 8, 4], "texture": "#0"},
				"south": {"uv": [7, 9, 8, 11], "texture": "#0"},
				"west": {"uv": [6, 4, 8, 6], "texture": "#0"},
				"up": {"uv": [9, 11, 8, 9], "texture": "#0"},
				"down": {"uv": [10, 9, 9, 11], "texture": "#0"}
			}
		},
		{
			"from": [7, 5, 6],
			"to": [9, 7, 7],
			"rotation": {"angle": 0, "axis": "y", "origin": [13, 13, 12]},
			"faces": {
				"north": {"uv": [0, 8, 2, 10], "texture": "#0"},
				"east": {"uv": [9, 0, 10, 2], "texture": "#0"},
				"south": {"uv": [2, 8, 4, 10], "texture": "#0"},
				"west": {"uv": [9, 2, 10, 4], "texture": "#0"},
				"up": {"uv": [11, 5, 9, 4], "texture": "#0"},
				"down": {"uv": [11, 5, 9, 6], "texture": "#0"}
			}
		},
		{
			"from": [7, 5, 9],
			"to": [9, 7, 10],
			"rotation": {"angle": 0, "axis": "y", "origin": [13, 13, 15]},
			"faces": {
				"north": {"uv": [2, 0, 4, 2], "texture": "#0"},
				"east": {"uv": [4, 8, 5, 10], "texture": "#0"},
				"south": {"uv": [4, 0, 6, 2], "texture": "#0"},
				"west": {"uv": [5, 8, 6, 10], "texture": "#0"},
				"up": {"uv": [8, 9, 6, 8], "texture": "#0"},
				"down": {"uv": [10, 8, 8, 9], "texture": "#0"}
			}
		},
		{
			"from": [7, 4, 7],
			"to": [9, 8, 9],
			"rotation": {"angle": 0, "axis": "y", "origin": [15, 15, 14]},
			"faces": {
				"north": {"uv": [0, 0, 2, 4], "texture": "#0"},
				"east": {"uv": [2, 2, 4, 6], "texture": "#0"},
				"south": {"uv": [0, 4, 2, 8], "texture": "#0"},
				"west": {"uv": [4, 4, 6, 8], "texture": "#0"},
				"up": {"uv": [8, 8, 6, 6], "texture": "#0"},
				"down": {"uv": [8, 0, 6, 2], "texture": "#0"}
			}
		}
	],
	"display": {
		"ground": {
			"translation": [0, 3, 0],
			"scale": [2, 2, 2]
		},
		"gui": {
			"rotation": [45, 45, 0],
			"translation": [0, 2.5, 0],
			"scale": [2, 2, 2]
		},
		"head": {
			"rotation": [30, 30, 0],
			"translation": [-5.75, 9.25, -2.75],
			"scale": [2, 2, 2]
		}
	}
}