{
	"credit": "The Stardust System did something here",
	"textures": {
		"1": "bigextras:item/netherite_crossbow_no_string",
		"particle": "bigextras:item/netherite_crossbow_pulling_5",
		"layer0": "bigextras:item/netherite_crossbow_pulling_5"
	},
	"elements": [
		{
			"name": "Crossbow",
			"from": [0, 0, 8.425],
			"to": [16, 16, 8.5],
			"faces": {
				"north": {"uv": [16, 0, 0, 16], "texture": "#layer0"},
				"south": {"uv": [0, 0, 16, 16], "texture": "#layer0"}
			}
		},
		{
			"name": "Crossbow No String",
			"from": [0, 0, 7.5],
			"to": [16, 16, 7.5],
			"faces": {
				"north": {"uv": [16, 0, 0, 16], "texture": "#1"}
			}
		},
		{
			"name": "Side",
			"from": [0, 3, 7.5],
			"to": [1, 4, 8.5],
			"faces": {
				"west": {"uv": [0, 12, 1, 13], "texture": "#1"},
				"up": {"uv": [0, 12, 1, 13], "texture": "#1"},
				"down": {"uv": [0, 12, 1, 13], "texture": "#1"}
			}
		},
		{
			"name": "Side",
			"from": [1, 2, 7.5],
			"to": [3, 8, 8.5],
			"faces": {
				"east": {"uv": [2, 8, 3, 14], "texture": "#1"},
				"west": {"uv": [1, 8, 2, 14], "texture": "#1"},
				"up": {"uv": [1, 8, 3, 9], "texture": "#1"},
				"down": {"uv": [1, 13, 3, 14], "texture": "#1"}
			}
		},
		{
			"name": "Side",
			"from": [3, 6, 7.5],
			"to": [4, 8, 8.5],
			"faces": {
				"east": {"uv": [3, 8, 4, 10], "texture": "#1"},
				"down": {"uv": [3, 9, 4, 10], "texture": "#1"}
			}
		},
		{
			"name": "Side",
			"from": [2, 8, 7.5],
			"to": [10, 10, 8.5],
			"faces": {
				"east": {"uv": [9, 6, 10, 8], "texture": "#1"},
				"west": {"uv": [2, 6, 3, 8], "texture": "#1"},
				"up": {"uv": [2, 6, 10, 7], "texture": "#1"},
				"down": {"uv": [2, 7, 10, 8], "texture": "#layer0"}
			}
		},
		{
			"name": "Side",
			"from": [5, 7, 7.5],
			"to": [12, 8, 8.5],
			"faces": {
				"east": {"uv": [11, 8, 12, 9], "texture": "#1"},
				"west": {"uv": [5, 8, 6, 9], "texture": "#1"},
				"up": {"uv": [5, 8, 12, 9], "texture": "#1"},
				"down": {"uv": [5, 8, 12, 9], "texture": "#1"}
			}
		},
		{
			"name": "Side",
			"from": [6, 6, 7.5],
			"to": [13, 7, 8.5],
			"faces": {
				"east": {"uv": [12, 9, 13, 10], "texture": "#1"},
				"west": {"uv": [6, 9, 7, 10], "texture": "#1"},
				"up": {"uv": [6, 9, 13, 10], "texture": "#1"},
				"down": {"uv": [6, 9, 13, 10], "texture": "#1"}
			}
		},
		{
			"name": "Side",
			"from": [3, 10, 7.5],
			"to": [9, 11, 8.5],
			"faces": {
				"east": {"uv": [8, 5, 9, 6], "texture": "#1"},
				"west": {"uv": [3, 5, 4, 6], "texture": "#1"},
				"up": {"uv": [3, 5, 9, 6], "texture": "#1"}
			}
		},
		{
			"name": "Side",
			"from": [4, 11, 7.5],
			"to": [8, 12, 8.5],
			"faces": {
				"east": {"uv": [7, 4, 8, 5], "texture": "#1"},
				"west": {"uv": [4, 4, 5, 5], "texture": "#1"},
				"up": {"uv": [4, 4, 8, 5], "texture": "#1"}
			}
		},
		{
			"name": "Side",
			"from": [3, 13, 7.5],
			"to": [5, 14, 8.5],
			"faces": {
				"east": {"uv": [4, 2, 5, 3], "texture": "#1"},
				"west": {"uv": [3, 2, 4, 3], "texture": "#1"},
				"up": {"uv": [3, 2, 5, 3], "texture": "#1"},
				"down": {"uv": [3, 2, 5, 3], "texture": "#1"}
			}
		},
		{
			"name": "Side",
			"from": [2, 11, 7.5],
			"to": [3, 13, 8.5],
			"faces": {
				"east": {"uv": [2, 3, 3, 5], "texture": "#1"},
				"west": {"uv": [2, 3, 3, 5], "texture": "#1"},
				"up": {"uv": [2, 3, 3, 4], "texture": "#1"},
				"down": {"uv": [2, 4, 3, 5], "texture": "#1"}
			}
		},
		{
			"name": "Side",
			"from": [5, 12, 7.5],
			"to": [11, 13, 8.5],
			"faces": {
				"east": {"uv": [10, 3, 11, 4], "texture": "#1"},
				"west": {"uv": [5, 3, 6, 4], "texture": "#1"},
				"up": {"uv": [5, 3, 11, 4], "texture": "#1"},
				"down": {"uv": [5, 3, 11, 4], "texture": "#1"}
			}
		},
		{
			"name": "Side",
			"from": [8, 13, 7.5],
			"to": [14, 15, 8.5],
			"faces": {
				"east": {"uv": [13, 1, 14, 3], "texture": "#1"},
				"west": {"uv": [8, 1, 9, 3], "texture": "#1"},
				"up": {"uv": [8, 1, 14, 2], "texture": "#1"},
				"down": {"uv": [8, 2, 14, 3], "texture": "#1"}
			}
		},
		{
			"name": "Side",
			"from": [6, 13, 7.5],
			"to": [8, 14, 8.5],
			"faces": {
				"west": {"uv": [6, 2, 7, 3], "texture": "#1"},
				"up": {"uv": [6, 2, 8, 3], "texture": "#1"}
			}
		},
		{
			"name": "Side",
			"from": [12, 15, 7.5],
			"to": [13, 16, 8.5],
			"faces": {
				"east": {"uv": [12, 0, 13, 1], "texture": "#1"},
				"west": {"uv": [12, 0, 13, 1], "texture": "#1"},
				"up": {"uv": [12, 0, 13, 1], "texture": "#1"}
			}
		},
		{
			"name": "Side",
			"from": [10, 8, 7.5],
			"to": [11, 9, 8.5],
			"faces": {
				"east": {"uv": [10, 7, 11, 8], "texture": "#1"},
				"west": {"uv": [10, 7, 11, 8], "texture": "#1"},
				"up": {"uv": [10, 7, 11, 8], "texture": "#1"}
			}
		},
		{
			"name": "Side",
			"from": [7, 5, 7.5],
			"to": [13, 6, 8.5],
			"faces": {
				"east": {"uv": [12, 10, 13, 11], "texture": "#1"},
				"west": {"uv": [7, 10, 8, 11], "texture": "#1"},
				"up": {"uv": [7, 10, 13, 11], "texture": "#1"},
				"down": {"uv": [7, 10, 13, 11], "texture": "#1"}
			}
		},
		{
			"name": "Side",
			"from": [8, 4, 7.5],
			"to": [14, 5, 8.5],
			"faces": {
				"east": {"uv": [13, 11, 14, 12], "texture": "#1"},
				"west": {"uv": [8, 11, 9, 12], "texture": "#1"},
				"up": {"uv": [8, 11, 14, 12], "texture": "#1"},
				"down": {"uv": [8, 11, 14, 12], "texture": "#1"}
			}
		},
		{
			"name": "Side",
			"from": [9, 3, 7.5],
			"to": [15, 4, 8.5],
			"faces": {
				"east": {"uv": [14, 12, 15, 13], "texture": "#1"},
				"west": {"uv": [9, 12, 10, 13], "texture": "#1"},
				"up": {"uv": [9, 12, 15, 13], "texture": "#1"},
				"down": {"uv": [9, 12, 15, 13], "texture": "#1"}
			}
		},
		{
			"name": "Side",
			"from": [11, 2, 7.5],
			"to": [16, 3, 8.5],
			"faces": {
				"east": {"uv": [15, 13, 16, 14], "texture": "#1"},
				"west": {"uv": [11, 13, 12, 14], "texture": "#1"},
				"up": {"uv": [11, 13, 16, 14], "texture": "#1"},
				"down": {"uv": [11, 13, 16, 14], "texture": "#1"}
			}
		},
		{
			"name": "Side",
			"from": [12, 1, 7.5],
			"to": [16, 2, 8.5],
			"faces": {
				"east": {"uv": [15, 14, 16, 15], "texture": "#1"},
				"west": {"uv": [12, 14, 13, 15], "texture": "#1"},
				"up": {"uv": [12, 14, 16, 15], "texture": "#1"},
				"down": {"uv": [12, 14, 16, 15], "texture": "#1"}
			}
		},
		{
			"name": "Side",
			"from": [13, 0, 7.5],
			"to": [15, 1, 8.5],
			"faces": {
				"east": {"uv": [14, 15, 15, 16], "texture": "#1"},
				"west": {"uv": [13, 15, 14, 16], "texture": "#1"},
				"up": {"uv": [13, 15, 15, 16], "texture": "#1"},
				"down": {"uv": [13, 15, 15, 16], "texture": "#1"}
			}
		}
	],
	"gui_light": "front",
	"display": {
		"thirdperson_righthand": {
			"rotation": [-90, 0, -60],
			"translation": [2, 0.1, -3],
			"scale": [0.9, 0.9, 0.9]
		},
		"thirdperson_lefthand": {
			"rotation": [-90, 0, 30],
			"translation": [2, 0.1, -3],
			"scale": [0.9, 0.9, 0.9]
		},
		"firstperson_righthand": {
			"rotation": [-90, 0, -55],
			"translation": [1.13, 3.2, 1.13],
			"scale": [0.68, 0.68, 0.68]
		},
		"firstperson_lefthand": {
			"rotation": [-90, 0, 35],
			"translation": [1.13, 3.2, 1.13],
			"scale": [0.68, 0.68, 0.68]
		}
	},
	"groups": [
		0,
		1,
		{
			"name": "Sides",
			"origin": [0, 0, 0],
			"color": 0,
			"children": [2, 3, 4, 5, 6, 7, 8, 9, 10, 11, 12, 13, 14, 15, 16, 17, 18, 19, 20, 21, 22]
		}
	]
}