{
	"parent": "item/handheld_rod",
	"textures": {
		"layer0": "item/carrot_on_a_stick"
	},
	"overrides": [
		{ "predicate": { "custom_model_data": 410001}, "model": "item/carrot_on_a_stick/1" },
		{ "predicate": { "custom_model_data": 410002}, "model": "item/carrot_on_a_stick/2" },
		{ "predicate": { "custom_model_data": 410003}, "model": "item/carrot_on_a_stick/3" },
		{ "predicate": { "custom_model_data": 410004}, "model": "item/carrot_on_a_stick/4" },
		{ "predicate": { "custom_model_data": 410005}, "model": "item/carrot_on_a_stick/5" },
		{ "predicate": { "custom_model_data": 410006}, "model": "item/carrot_on_a_stick/6" },
		{ "predicate": { "custom_model_data": 410007}, "model": "item/carrot_on_a_stick/7" },
		{ "predicate": { "custom_model_data": 410008}, "model": "item/carrot_on_a_stick/unformed" },
		{ "predicate": { "custom_model_data": 410009}, "model": "item/carrot_on_a_stick/9" },
		{ "predicate": { "custom_model_data": 410010}, "model": "item/carrot_on_a_stick/10" },
		{ "predicate": { "custom_model_data": 410011}, "model": "item/carrot_on_a_stick/11" },
		{ "predicate": { "custom_model_data": 410012}, "model": "item/carrot_on_a_stick/12" },
		{ "predicate": { "custom_model_data": 410013}, "model": "item/carrot_on_a_stick/13" },
		{ "predicate": { "custom_model_data": 410014}, "model": "item/carrot_on_a_stick/14" },
		{ "predicate": { "custom_model_data": 410015}, "model": "item/carrot_on_a_stick/15" },
		{ "predicate": { "custom_model_data": 410016}, "model": "item/carrot_on_a_stick/16" },
		{ "predicate": { "custom_model_data": 410017}, "model": "item/carrot_on_a_stick/17" },
		{ "predicate": { "custom_model_data": 410018}, "model": "item/carrot_on_a_stick/18" },
		{ "predicate": { "custom_model_data": 410019}, "model": "item/carrot_on_a_stick/19" },
		{ "predicate": { "custom_model_data": 410020}, "model": "item/carrot_on_a_stick/20" },
		{ "predicate": { "custom_model_data": 410021}, "model": "item/carrot_on_a_stick/illus" },
		{ "predicate": { "custom_model_data": 410022}, "model": "item/carrot_on_a_stick/illusfloat" },
		{ "predicate": { "custom_model_data": 410023}, "model": "item/carrot_on_a_stick/illusfloat2" },
		{ "predicate": { "custom_model_data": 410024}, "model": "item/carrot_on_a_stick/illuspoint" },
		{ "predicate": { "custom_model_data": 410025}, "model": "item/carrot_on_a_stick/illuspointcast" },
		{ "predicate": { "custom_model_data": 410026}, "model": "item/carrot_on_a_stick/illuscast" },
		{ "predicate": { "custom_model_data": 410028}, "model": "item/carrot_on_a_stick/norender" },
		{ "predicate": { "custom_model_data": 410029}, "model": "item/carrot_on_a_stick/ascendance" },
		{ "predicate": { "custom_model_data": 410030}, "model": "item/carrot_on_a_stick/boss2idle" },
		{ "predicate": { "custom_model_data": 410031}, "model": "item/carrot_on_a_stick/boss2move1" },
		{ "predicate": { "custom_model_data": 410032}, "model": "item/carrot_on_a_stick/boss2move2" },
		{ "predicate": { "custom_model_data": 410033}, "model": "item/carrot_on_a_stick/boss2move3" },
		{ "predicate": { "custom_model_data": 410034}, "model": "item/carrot_on_a_stick/boss2melee1" },
		{ "predicate": { "custom_model_data": 410035}, "model": "item/carrot_on_a_stick/boss2melee2" },
		{ "predicate": { "custom_model_data": 410036}, "model": "item/carrot_on_a_stick/boss2ranged1" },
		{ "predicate": { "custom_model_data": 410037}, "model": "item/carrot_on_a_stick/boss2ranged2" },
		{ "predicate": { "custom_model_data": 410038}, "model": "item/carrot_on_a_stick/boss2ranged3" },
		{ "predicate": { "custom_model_data": 410039}, "model": "item/carrot_on_a_stick/boss2rangedmine" },
		{ "predicate": { "custom_model_data": 410040}, "model": "item/carrot_on_a_stick/affliction" },
		{ "predicate": { "custom_model_data": 410041}, "model": "item/carrot_on_a_stick/hl/ceremony" },
		{ "predicate": { "custom_model_data": 410042}, "model": "item/carrot_on_a_stick/hl/singe" },
		{ "predicate": { "custom_model_data": 410043}, "model": "item/carrot_on_a_stick/hl/writ" },
		{ "predicate": { "custom_model_data": 410044}, "model": "minecraft:item/stone_sword" }
	]
}
