{
	"credit": "Made with Blockbench",
	"ambientocclusion": false,
	"textures": {
		"2": "block/lever_base_off",
		"3": "block/cobblestone",
		"lever": "block/lever",
		"particle": "block/cobblestone"
	},
	"elements": [
		{
			"name": "Lever",
			"from": [7, 1, 7],
			"to": [9, 11, 9],
			"rotation": {"angle": 45, "axis": "x", "origin": [8, 1, 8]},
			"faces": {
				"north": {"uv": [7, 6, 9, 16], "texture": "#lever"},
				"east": {"uv": [7, 6, 9, 16], "texture": "#lever"},
				"south": {"uv": [7, 6, 9, 16], "texture": "#lever"},
				"west": {"uv": [7, 6, 9, 16], "texture": "#lever"},
				"up": {"uv": [7, 6, 9, 8], "texture": "#lever"}
			}
		},
		{
			"name": "Lever Hole",
			"from": [7, 1, 5],
			"to": [9, 2.5, 11],
			"faces": {
				"up": {"uv": [7, 5, 9, 11], "texture": "#2", "cullface": "up"}
			}
		},
		{
			"name": "Left",
			"from": [5, 1, 4],
			"to": [7, 3, 12],
			"faces": {
				"north": {"uv": [5, 0, 7, 2], "texture": "#2"},
				"east": {"uv": [4, 12, 12, 14], "texture": "#2"},
				"south": {"uv": [5, 0, 7, 2], "texture": "#2"},
				"west": {"uv": [4, 0, 12, 2], "texture": "#2"},
				"up": {"uv": [5, 4, 7, 12], "texture": "#2"}
			}
		},
		{
			"name": "Right",
			"from": [9, 1, 4],
			"to": [11, 3, 12],
			"faces": {
				"north": {"uv": [5, 0, 7, 2], "texture": "#2"},
				"east": {"uv": [4, 14, 12, 16], "rotation": 180, "texture": "#2"},
				"south": {"uv": [9, 0, 11, 2], "texture": "#2"},
				"west": {"uv": [4, 2, 12, 4], "texture": "#2"},
				"up": {"uv": [9, 4, 11, 12], "texture": "#2"}
			}
		},
		{
			"name": "Front",
			"from": [7, 1, 4],
			"to": [9, 3, 5],
			"faces": {
				"north": {"uv": [7, 13, 9, 15], "texture": "#2"},
				"south": {"uv": [7, 2, 9, 4], "texture": "#2"},
				"up": {"uv": [7, 4, 9, 5], "texture": "#2"}
			}
		},
		{
			"name": "Bottom",
			"from": [5, 0, 4],
			"to": [11, 1, 12],
			"faces": {
				"north": {"uv": [5, 2, 11, 3], "texture": "#3"},
				"east": {"uv": [4, 2, 12, 3], "texture": "#3"},
				"south": {"uv": [5, 2, 11, 3], "texture": "#3"},
				"west": {"uv": [4, 2, 12, 3], "texture": "#3"},
				"down": {"uv": [5, 4, 11, 12], "texture": "#3", "cullface": "down"}
			}
		},
		{
			"name": "Back",
			"from": [7, 1, 11],
			"to": [9, 3, 12],
			"faces": {
				"north": {"uv": [7, 3, 9, 5], "texture": "#2"},
				"south": {"uv": [7, 0, 9, 2], "texture": "#2"},
				"up": {"uv": [7, 11, 9, 12], "texture": "#2"}
			}
		}
	]
}