{
  "name": "minecraft:village/taiga/houses",
  "fallback": "minecraft:empty",
  "elements": [
    {
      "weight": 5,
      "element": {
        "location": "minecraft:village/taiga/houses/hut_1",
        "processors": "minecraft:village_common",
        "projection": "rigid",
        "element_type": "minecraft:legacy_single_pool_element"
      }
    },
    {
      "weight": 5,
      "element": {
        "location": "minecraft:village/taiga/houses/hut_2",
        "processors": "minecraft:village_common",
        "projection": "rigid",
        "element_type": "minecraft:legacy_single_pool_element"
      }
    },
    {
      "weight": 5,
      "element": {
        "location": "minecraft:village/taiga/houses/hut_3",
        "processors": "minecraft:village_common",
        "projection": "rigid",
        "element_type": "minecraft:legacy_single_pool_element"
      }
    },
    {
      "weight": 5,
      "element": {
        "location": "minecraft:village/taiga/houses/hut_4",
        "processors": "minecraft:village_common",
        "projection": "rigid",
        "element_type": "minecraft:legacy_single_pool_element"
      }
    },
    {
      "weight": 5,
      "element": {
        "location": "minecraft:village/taiga/houses/hut_5",
        "processors": "minecraft:village_common",
        "projection": "rigid",
        "element_type": "minecraft:legacy_single_pool_element"
      }
    },
    {
      "weight": 5,
      "element": {
        "location": "minecraft:village/taiga/houses/hut_6",
        "processors": "minecraft:village_common",
        "projection": "rigid",
        "element_type": "minecraft:legacy_single_pool_element"
      }
    },
    {
      "weight": 12,
      "element": {
        "location": "minecraft:village/taiga/houses/small_house_1",
        "processors": "minecraft:village_common",
        "projection": "rigid",
        "element_type": "minecraft:legacy_single_pool_element"
      }
    },
    {
      "weight": 12,
      "element": {
        "location": "minecraft:village/taiga/houses/small_house_2",
        "processors": "minecraft:village_common",
        "projection": "rigid",
        "element_type": "minecraft:legacy_single_pool_element"
      }
    },
    {
      "weight": 18,
      "element": {
        "location": "minecraft:village/taiga/houses/large_house_1",
        "processors": "minecraft:village_common",
        "projection": "rigid",
        "element_type": "minecraft:legacy_single_pool_element"
      }
    },
    {
      "weight": 12,
      "element": {
        "location": "minecraft:village/taiga/houses/butcher_1",
        "processors": "minecraft:village_common",
        "projection": "rigid",
        "element_type": "minecraft:legacy_single_pool_element"
      }
    },
    {
      "weight": 12,
      "element": {
        "location": "minecraft:village/taiga/houses/library_1",
        "processors": "minecraft:village_common",
        "projection": "rigid",
        "element_type": "minecraft:legacy_single_pool_element"
      }
    },
    {
      "weight": 24,
      "element": {
        "location": "minecraft:village/taiga/houses/small_farm_1",
        "processors": "minecraft:farm_common",
        "projection": "rigid",
        "element_type": "minecraft:legacy_single_pool_element"
      }
    },
    {
      "weight": 24,
      "element": {
        "location": "minecraft:village/taiga/houses/large_farm_1",
        "processors": "minecraft:farm_common",
        "projection": "rigid",
        "element_type": "minecraft:legacy_single_pool_element"
      }
    },
    {
      "weight": 6,
      "element": {
        "location": "minecraft:village/taiga/houses/blacksmith_1",
        "processors": "minecraft:village_common",
        "projection": "rigid",
        "element_type": "minecraft:legacy_single_pool_element"
      }
    },
    {
      "weight": 6,
      "element": {
        "location": "minecraft:village/taiga/houses/church_1",
        "processors": "minecraft:village_common",
        "projection": "rigid",
        "element_type": "minecraft:legacy_single_pool_element"
      }
    },
    {
      "weight": 12,
      "element": {
        "location": "minecraft:village/taiga/lamp_post_1",
        "processors": "minecraft:village_common",
        "projection": "rigid",
        "element_type": "minecraft:legacy_single_pool_element"
      }
    },
    {
      "weight": 78,
      "element": {
        "element_type": "minecraft:empty_pool_element"
      }
    },
    {
      "weight": 78,
      "element": {
        "element_type": "minecraft:empty_pool_element"
      }
    },
    {
      "weight": 78,
      "element": {
        "element_type": "minecraft:empty_pool_element"
      }
    },
    {
      "weight": 78,
      "element": {
        "element_type": "minecraft:empty_pool_element"
      }
    }
  ]
}
