{
    "providers": [
        {
            "type": "space",
            "advances": {
                " ": 4,
                "<": -4,
                "_": 1,
                "\u200c": 0
            }
        },
        {
            "type": "bitmap",
            "file": "erpg:font/tinyempright.png",
            "ascent": 18,
            "height": 18,
            "chars": [
                "0",
                "1",
		"2",
		"3",
		"4",
		"5",
		"6",
		"7",
		"8",
		"9"
            ]
        }
    ]
}