{
    "variants": {
        "":     [
            {"model": "block/crafting_table/crafting_table", "weight": 10},
            {"model": "block/crafting_table/crafting_table1", "weight": 9},
            {"model": "block/crafting_table/crafting_table2", "weight": 9},
            {"model": "block/crafting_table/crafting_table3", "weight": 9},
            {"model": "block/crafting_table/crafting_table4", "weight": 8},
            {"model": "block/crafting_table/crafting_table5", "weight": 7},
            {"model": "block/crafting_table/crafting_table6", "weight": 7},
            {"model": "block/crafting_table/crafting_table7", "weight": 8},
            {"model": "block/crafting_table/crafting_table8", "weight": 6},
            {"model": "block/crafting_table/crafting_table9", "weight": 6},
            {"model": "block/crafting_table/crafting_table10", "weight": 7},
            {"model": "block/crafting_table/crafting_table11", "weight": 8},
            {"model": "block/crafting_table/crafting_table12", "weight": 3},
            {"model": "block/crafting_table/crafting_table13", "weight": 1}
            ]
    }
}