{
  "variants": {
    "": [
      {"model": "minecraft:block/dirt_path/dirt_path"},
      {"model": "minecraft:block/dirt_path/dirt_path",    "y": 90},
      {"model": "minecraft:block/dirt_path/dirt_path",    "y": 180},
      {"model": "minecraft:block/dirt_path/dirt_path",    "y": 270},
      {"model": "minecraft:block/dirt_path/dirt_path_2"},
      {"model": "minecraft:block/dirt_path/dirt_path_2",  "y": 90},
      {"model": "minecraft:block/dirt_path/dirt_path_2",  "y": 180},
      {"model": "minecraft:block/dirt_path/dirt_path_2",  "y": 270},
      {"model": "minecraft:block/dirt_path/dirt_path_3"},
      {"model": "minecraft:block/dirt_path/dirt_path_3",  "y": 90},
      {"model": "minecraft:block/dirt_path/dirt_path_3",  "y": 180},
      {"model": "minecraft:block/dirt_path/dirt_path_3",  "y": 270},
      {"model": "minecraft:block/dirt_path/dirt_path_4"},
      {"model": "minecraft:block/dirt_path/dirt_path_4",  "y": 90},
      {"model": "minecraft:block/dirt_path/dirt_path_4",  "y": 180},
      {"model": "minecraft:block/dirt_path/dirt_path_4",  "y": 270}
    ]
  }
}