{
	"credit": "Made with Blockbench",
	"parent": "minecraft:item/generated",
	"textures": {
		"layer0": "item/arrow_quiver"
	},
	"display": {
		"thirdperson_righthand": {
			"rotation": [-35, -90, 0],
			"translation": [0, -1.25, -0.5],
			"scale": [0.7, 0.7, 0.7]
		},
		"thirdperson_lefthand": {
			"rotation": [-35, 90, 0],
			"translation": [0, -1.25, -0.5],
			"scale": [0.7, 0.7, 0.7]
		},
		"firstperson_righthand": {
			"rotation": [0, -90, 55],
			"translation": [1.35, 2.2, 1.13],
			"scale": [0.68, 0.68, 0.68]
		},
		"firstperson_lefthand": {
			"rotation": [0, 90, -55],
			"translation": [1.35, 2.2, 1.13],
			"scale": [0.68, 0.68, 0.68]
		},
		"ground": {
			"translation": [0, 2, 0],
			"scale": [0.5, 0.5, 0.5]
		},
		"head": {
			"rotation": [90, 0, -100],
			"translation": [0, 7, -0.25]
		},
		"fixed": {
			"rotation": [0, 180, 0]
		}
	}
}