{
	"credit": "The Stardust System did something here",
	"parent": "item/generated",
	"textures": {
		"layer0": "item/bow/bow"
	},
	"overrides": [
		{"predicate": {"pulling": 1}, "model": "item/bow/bow_pulling_0"},
		{"predicate": {"pulling": 1, "pull": 0.3}, "model": "item/bow/bow_pulling_1"},
		{"predicate": {"pulling": 1, "pull": 0.50}, "model": "item/bow/bow_pulling_2"},
		{"predicate": {"pulling": 1, "pull": 0.70}, "model": "item/bow/bow_pulling_3"},
		{"predicate": {"pulling": 1, "pull": 1}, "model": "item/bow/bow_pulling_4"}
	],
	"display": {
		"thirdperson_righthand": {
			"rotation": [105, -80, 145],
			"translation": [-2, -2, 2.5],
			"scale": [0.9, 0.9, 0.9]
		},
		"thirdperson_lefthand": {
			"rotation": [-80, 80, 40],
			"translation": [-2.25, -2, 2.5],
			"scale": [0.9, 0.9, 0.9]
		},
		"firstperson_righthand": {
			"rotation": [0, -90, 25],
			"translation": [1.13, 3.2, 1.13],
			"scale": [0.68, 0.68, 0.68]
		},
		"firstperson_lefthand": {
			"rotation": [0, 90, -25],
			"translation": [1.13, 3.2, 1.13],
			"scale": [0.68, 0.68, 0.68]
		},
		"ground": {
			"translation": [0, 2, 0],
			"scale": [0.5, 0.5, 0.5]
		},
		"head": {
			"rotation": [90, 0, 135],
			"translation": [0, 6.75, 0]
		},
		"fixed": {
			"rotation": [180, 0, 180]
		}
	}
}