{
	"credit": "The Stardust System did something here",
	"parent": "minecraft:item/handheld_rod",
	"textures": {
		"layer0": "item/carrot_on_a_stick"
	},
	"display": {
		"thirdperson_righthand": {
			"rotation": [0, 90, 55],
			"translation": [0, 4.5, 3.25],
			"scale": [0.85, 0.85, 0.85]
		},
		"thirdperson_lefthand": {
			"rotation": [0, -90, -55],
			"translation": [0, 4.5, 3.25],
			"scale": [0.85, 0.85, 0.85]
		},
		"firstperson_righthand": {
			"rotation": [0, 90, 5],
			"translation": [1.13, 2.7, 0.88],
			"scale": [0.68, 0.68, 0.68]
		},
		"firstperson_lefthand": {
			"rotation": [0, -90, -5],
			"translation": [1.13, 2.7, 0.88],
			"scale": [0.68, 0.68, 0.68]
		},
		"ground": {
			"translation": [0, 2, 0],
			"scale": [0.5, 0.5, 0.5]
		},
		"gui": {
			"translation": [-0.5, 0, 0]
		},
		"head": {
			"rotation": [0, 180, 45],
			"translation": [0.75, 12.5, 0.5]
		},
		"fixed": {
			"rotation": [0, 180, 0],
			"translation": [0.5, 0, 0]
		}
	}
}