{
  "name": "minecraft:village/plains/flats/kogtyv_9_2e",
  "fallback": "minecraft:empty",
  "elements": [
    {
      "weight": 50,
      "element": {
        "location": "minecraft:village/plains/houses/kogtyv_9_2/flats_medium_b_m",
        "processors": "minecraft:set_air",
        "projection": "rigid",
        "element_type": "minecraft:legacy_single_pool_element"
      }
    },
    {
      "weight": 50,
      "element": {
        "location": "minecraft:village/plains/houses/kogtyv_9_2/flats_medium_b_n",
        "processors": "minecraft:set_air",
        "projection": "rigid",
        "element_type": "minecraft:legacy_single_pool_element"
      }
    },
    {
      "weight": 50,
      "element": {
        "location": "minecraft:village/plains/houses/kogtyv_9_2/flats_medium_b_o",
        "processors": "minecraft:set_air",
        "projection": "rigid",
        "element_type": "minecraft:legacy_single_pool_element"
      }
    }
  ],
  "fallback": "minecraft:village/plains/flats/kogtyv_9_2e"
}
