{
  "name": "minecraft:village/plains/flats/kogtyv_9_1e",
  "fallback": "minecraft:empty",
  "elements": [
    {
      "weight": 50,
      "element": {
        "location": "minecraft:village/plains/houses/kogtyv_9_1/flats_small_c_a",
        "processors": "minecraft:set_air",
        "projection": "rigid",
        "element_type": "minecraft:legacy_single_pool_element"
      }
    },
    {
      "weight": 50,
      "element": {
        "location": "minecraft:village/plains/houses/kogtyv_9_1/flats_small_c_b",
        "processors": "minecraft:set_air",
        "projection": "rigid",
        "element_type": "minecraft:legacy_single_pool_element"
      }
    },
    {
      "weight": 50,
      "element": {
        "location": "minecraft:village/plains/houses/kogtyv_9_1/flats_small_c_c",
        "processors": "minecraft:set_air",
        "projection": "rigid",
        "element_type": "minecraft:legacy_single_pool_element"
      }
    },
    {
      "weight": 50,
      "element": {
        "location": "minecraft:village/plains/houses/kogtyv_9_1/flats_small_c_d",
        "processors": "minecraft:set_air",
        "projection": "rigid",
        "element_type": "minecraft:legacy_single_pool_element"
      }
    }
  ],
  "fallback": "minecraft:village/plains/flats/kogtyv_9_1e"
}
