{
  "name": "minecraft:village/plains/flats/kogtyv_9_2d",
  "fallback": "minecraft:empty",
  "elements": [
    {
      "weight": 50,
      "element": {
        "location": "minecraft:village/plains/houses/kogtyv_9_2/flats_medium_b_a",
        "processors": "minecraft:set_air",
        "projection": "rigid",
        "element_type": "minecraft:legacy_single_pool_element"
      }
    },
    {
      "weight": 50,
      "element": {
        "location": "minecraft:village/plains/houses/kogtyv_9_2/flats_medium_b_b",
        "processors": "minecraft:set_air",
        "projection": "rigid",
        "element_type": "minecraft:legacy_single_pool_element"
      }
    },
    {
      "weight": 50,
      "element": {
        "location": "minecraft:village/plains/houses/kogtyv_9_2/flats_medium_b_c",
        "processors": "minecraft:set_air",
        "projection": "rigid",
        "element_type": "minecraft:legacy_single_pool_element"
      }
    },
    {
      "weight": 50,
      "element": {
        "location": "minecraft:village/plains/houses/kogtyv_9_2/flats_medium_b_d",
        "processors": "minecraft:set_air",
        "projection": "rigid",
        "element_type": "minecraft:legacy_single_pool_element"
      }
    },
    {
      "weight": 50,
      "element": {
        "location": "minecraft:village/plains/houses/kogtyv_9_2/flats_medium_b_e",
        "processors": "minecraft:set_air",
        "projection": "rigid",
        "element_type": "minecraft:legacy_single_pool_element"
      }
    },
    {
      "weight": 50,
      "element": {
        "location": "minecraft:village/plains/houses/kogtyv_9_2/flats_medium_b_f",
        "processors": "minecraft:set_air",
        "projection": "rigid",
        "element_type": "minecraft:legacy_single_pool_element"
      }
    },
    {
      "weight": 50,
      "element": {
        "location": "minecraft:village/plains/houses/kogtyv_9_2/flats_medium_b_g",
        "processors": "minecraft:set_air",
        "projection": "rigid",
        "element_type": "minecraft:legacy_single_pool_element"
      }
    },
    {
      "weight": 50,
      "element": {
        "location": "minecraft:village/plains/houses/kogtyv_9_2/flats_medium_b_h",
        "processors": "minecraft:set_air",
        "projection": "rigid",
        "element_type": "minecraft:legacy_single_pool_element"
      }
    },
    {
      "weight": 50,
      "element": {
        "location": "minecraft:village/plains/houses/kogtyv_9_2/flats_medium_b_i",
        "processors": "minecraft:set_air",
        "projection": "rigid",
        "element_type": "minecraft:legacy_single_pool_element"
      }
    },
    {
      "weight": 50,
      "element": {
        "location": "minecraft:village/plains/houses/kogtyv_9_2/flats_medium_b_j",
        "processors": "minecraft:set_air",
        "projection": "rigid",
        "element_type": "minecraft:legacy_single_pool_element"
      }
    },
    {
      "weight": 50,
      "element": {
        "location": "minecraft:village/plains/houses/kogtyv_9_2/flats_medium_b_k",
        "processors": "minecraft:set_air",
        "projection": "rigid",
        "element_type": "minecraft:legacy_single_pool_element"
      }
    },
    {
      "weight": 50,
      "element": {
        "location": "minecraft:village/plains/houses/kogtyv_9_2/flats_medium_b_l",
        "processors": "minecraft:set_air",
        "projection": "rigid",
        "element_type": "minecraft:legacy_single_pool_element"
      }
    },
    {
      "weight": 20,
      "element": {
        "location": "minecraft:village/plains/houses/kogtyv_9_2/flats_medium_b_p",
        "processors": "minecraft:set_air",
        "projection": "rigid",
        "element_type": "minecraft:legacy_single_pool_element"
      }
    },
    {
      "weight": 1,
      "element": {
        "location": "minecraft:village/plains/houses/kogtyv_9_2/flats_medium_b_sequrity",
        "processors": "minecraft:set_air",
        "projection": "rigid",
        "element_type": "minecraft:legacy_single_pool_element"
      }
    }
  ],
  "fallback": "minecraft:village/plains/flats/kogtyv_9_2d"
}
