{
  "name": "minecraft:village/plains/flats/kogtyv_9_1d",
  "fallback": "minecraft:empty",
  "elements": [
    {
      "weight": 50,
      "element": {
        "location": "minecraft:village/plains/houses/kogtyv_9_1/flats_small_b_i",
        "processors": "minecraft:set_air",
        "projection": "rigid",
        "element_type": "minecraft:legacy_single_pool_element"
      }
    },
    {
      "weight": 50,
      "element": {
        "location": "minecraft:village/plains/houses/kogtyv_9_1/flats_small_b_j",
        "processors": "minecraft:set_air",
        "projection": "rigid",
        "element_type": "minecraft:legacy_single_pool_element"
      }
    },
    {
      "weight": 50,
      "element": {
        "location": "minecraft:village/plains/houses/kogtyv_9_1/flats_small_b_k",
        "processors": "minecraft:set_air",
        "projection": "rigid",
        "element_type": "minecraft:legacy_single_pool_element"
      }
    },
    {
      "weight": 50,
      "element": {
        "location": "minecraft:village/plains/houses/kogtyv_9_1/flats_small_b_l",
        "processors": "minecraft:set_air",
        "projection": "rigid",
        "element_type": "minecraft:legacy_single_pool_element"
      }
    },
    {
      "weight": 50,
      "element": {
        "location": "minecraft:village/plains/houses/kogtyv_9_1/flats_small_b_m",
        "processors": "minecraft:set_air",
        "projection": "rigid",
        "element_type": "minecraft:legacy_single_pool_element"
      }
    },
    {
      "weight": 50,
      "element": {
        "location": "minecraft:village/plains/houses/kogtyv_9_1/flats_small_b_n",
        "processors": "minecraft:set_air",
        "projection": "rigid",
        "element_type": "minecraft:legacy_single_pool_element"
      }
    },
    {
      "weight": 50,
      "element": {
        "location": "minecraft:village/plains/houses/kogtyv_9_1/flats_small_b_o",
        "processors": "minecraft:set_air",
        "projection": "rigid",
        "element_type": "minecraft:legacy_single_pool_element"
      }
    },
    {
      "weight": 50,
      "element": {
        "location": "minecraft:village/plains/houses/kogtyv_9_1/flats_small_b_p",
        "processors": "minecraft:set_air",
        "projection": "rigid",
        "element_type": "minecraft:legacy_single_pool_element"
      }
    },
    {
      "weight": 1,
      "element": {
        "location": "minecraft:village/plains/houses/kogtyv_9_1/flats_small_b_sequrity",
        "processors": "minecraft:set_air",
        "projection": "rigid",
        "element_type": "minecraft:legacy_single_pool_element"
      }
    }
  ],
  "fallback": "minecraft:village/plains/flats/kogtyv_9_1g"
}
