{
	"credit": "The Stardust System did something here",
	"ambientocclusion": false,
	"textures": {
		"back": "block/sunflower_back",
		"cross": "block/sunflower_top",
		"particle": "block/flowers/sunflower/sunflower_front",
		"front": "block/flowers/sunflower/sunflower_front"
	},
	"elements": [
		{
			"name": "Front",
			"from": [8.6, 1.25, 1],
			"to": [8.6, 17.25, 15],
			"shade": false,
			"rotation": {"angle": 22.5, "axis": "z", "origin": [7, 10.25, 8], "rescale": true},
			"faces": {
				"east": {"uv": [0, 0, 16, 16], "texture": "#front"},
				"west": {"uv": [16, 0, 0, 16], "texture": "#front"}
			}
		},
		{
			"name": "Back",
			"from": [8.6, 1.25, 1],
			"to": [8.6, 17.25, 15],
			"shade": false,
			"rotation": {"angle": 22.5, "axis": "z", "origin": [7, 10.25, 8], "rescale": true},
			"faces": {
				"west": {"uv": [16, 0, 0, 16], "texture": "#back"}
			}
		},
		{
			"name": "Stalk",
			"from": [0.8, 0, 8],
			"to": [15.2, 12, 8],
			"shade": false,
			"rotation": {"angle": 45, "axis": "y", "origin": [8, 8, 8], "rescale": true},
			"faces": {
				"north": {"uv": [0, 4, 16, 16], "texture": "#cross"},
				"south": {"uv": [0, 4, 16, 16], "texture": "#cross"}
			}
		},
		{
			"name": "Stalk",
			"from": [8, 0, 0.8],
			"to": [8, 12, 15.2],
			"shade": false,
			"rotation": {"angle": 45, "axis": "y", "origin": [8, 8, 8], "rescale": true},
			"faces": {
				"east": {"uv": [0, 4, 16, 16], "texture": "#cross"},
				"west": {"uv": [0, 4, 16, 16], "texture": "#cross"}
			}
		}
	],
	"groups": [
		{
			"name": "Flower",
			"origin": [8, 8, 8],
			"color": 0,
			"children": [0, 1]
		},
		{
			"name": "Stalk",
			"origin": [8, 8, 8],
			"color": 0,
			"children": [2, 3]
		}
	]
}