{
  "elements": [
    {
      "element": {
        "element_type": "minecraft:legacy_single_pool_element",
        "location": "minecraft:village/plains/houses/farms/small_a",
        "processors": "minecraft:street_plains",
        "projection": "terrain_matching"
      },
      "weight": 1
    },
    {
      "element": {
        "element_type": "minecraft:legacy_single_pool_element",
        "location": "minecraft:village/plains/houses/farms/small_b",
        "processors": "minecraft:street_plains",
        "projection": "terrain_matching"
      },
      "weight": 1
    },
    {
      "element": {
        "element_type": "minecraft:legacy_single_pool_element",
        "location": "minecraft:village/plains/houses/farms/small_c",
        "processors": "minecraft:street_plains",
        "projection": "terrain_matching"
      },
      "weight": 1
    },
    {
      "element": {
        "element_type": "minecraft:legacy_single_pool_element",
        "location": "minecraft:village/plains/houses/farms/small_d",
        "processors": "minecraft:street_plains",
        "projection": "terrain_matching"
      },
      "weight": 1
    },
    {
      "element": {
        "element_type": "minecraft:legacy_single_pool_element",
        "location": "minecraft:village/plains/houses/farms/medium_a",
        "processors": "minecraft:street_plains",
        "projection": "terrain_matching"
      },
      "weight": 1
    },
    {
      "element": {
        "element_type": "minecraft:legacy_single_pool_element",
        "location": "minecraft:village/plains/houses/farms/medium_b",
        "processors": "minecraft:street_plains",
        "projection": "terrain_matching"
      },
      "weight": 1
    },
    {
      "element": {
        "element_type": "minecraft:legacy_single_pool_element",
        "location": "minecraft:village/plains/houses/farms/medium_c",
        "processors": "minecraft:street_plains",
        "projection": "terrain_matching"
      },
      "weight": 1
    },
    {
      "element": {
        "element_type": "minecraft:legacy_single_pool_element",
        "location": "minecraft:village/plains/houses/farms/medium_d",
        "processors": "minecraft:street_plains",
        "projection": "terrain_matching"
      },
      "weight": 1
    },
    {
      "element": {
        "element_type": "minecraft:legacy_single_pool_element",
        "location": "minecraft:village/plains/houses/farms/large_a",
        "processors": "minecraft:street_plains",
        "projection": "terrain_matching"
      },
      "weight": 1
    },
    {
      "element": {
        "element_type": "minecraft:legacy_single_pool_element",
        "location": "minecraft:village/plains/houses/farms/large_b",
        "processors": "minecraft:street_plains",
        "projection": "terrain_matching"
      },
      "weight": 1
    },
    {
      "element": {
        "element_type": "minecraft:legacy_single_pool_element",
        "location": "minecraft:village/plains/houses/farms/large_c",
        "processors": "minecraft:street_plains",
        "projection": "terrain_matching"
      },
      "weight": 1
    },
    {
      "element": {
        "element_type": "minecraft:legacy_single_pool_element",
        "location": "minecraft:village/plains/houses/farms/large_d",
        "processors": "minecraft:street_plains",
        "projection": "terrain_matching"
      },
      "weight": 1
    },
    {
      "element": {
        "element_type": "minecraft:legacy_single_pool_element",
        "location": "minecraft:village/plains/houses/farms/animal_pen_1",
        "processors": "minecraft:street_plains",
        "projection": "terrain_matching"
      },
      "weight": 1
    }
  ],
  "fallback": "minecraft:empty"
}