{
  "name": "minecraft:village/plains/town_centers",
  "fallback": "minecraft:empty",
  "elements": [
    {
      "weight": 1,
      "element": {
        "location": "minecraft:village/plains/town_centers/soviet_rada",
        "processors": "minecraft:village_common",
        "projection": "rigid",
        "element_type": "minecraft:legacy_single_pool_element"
      }
    },
    {
      "weight": 1,
      "element": {
        "location": "minecraft:village/plains/town_centers/soviet_rondo",
        "processors": "minecraft:village_common",
        "projection": "rigid",
        "element_type": "minecraft:legacy_single_pool_element"
      }
    },
    {
      "weight": 1,
      "element": {
        "location": "minecraft:village/plains/town_centers/soviet_rynek",
        "processors": "minecraft:village_common",
        "projection": "rigid",
        "element_type": "minecraft:legacy_single_pool_element"
      }
    },
    {
      "weight": 1,
      "element": {
        "location": "minecraft:village/plains/town_centers/soviet_statuye",
        "processors": "minecraft:village_common",
        "projection": "rigid",
        "element_type": "minecraft:legacy_single_pool_element"
      }
    },
    {
      "weight": 1,
      "element": {
        "location": "minecraft:village/plains/town_centers/soviet_altanka",
        "processors": "minecraft:village_common",
        "projection": "rigid",
        "element_type": "minecraft:legacy_single_pool_element"
      }
    }
  ]
}
