{
	"credit": "Made with Blockbench",
	"parent": "block/block",
	"texture_size": [64, 64],
	"textures": {
		"body": "entity/illager/illusioner"
	},
	"elements": [
		{
			"name": "head",
			"from": [4, 17, 3.5],
			"to": [12, 27, 11.5],
			"rotation": {"angle": 45, "axis": "x", "origin": [8, 15, 5.5]},
			"faces": {
				"north": {"uv": [8, 2, 6, 4.5], "texture": "#body"},
				"east": {"uv": [2, 2, 0, 4.5], "texture": "#body"},
				"south": {"uv": [4, 2, 2, 4.5], "texture": "#body"},
				"west": {"uv": [6, 2, 4, 4.5], "texture": "#body"},
				"up": {"uv": [4, 0, 2, 2], "texture": "#body"},
				"down": {"uv": [6, 2, 4, 0], "texture": "#body"}
			}
		},
		{
			"name": "hat",
			"from": [3.55, 15.55, 3.05],
			"to": [12.45, 27.45, 11.95],
			"rotation": {"angle": 45, "axis": "x", "origin": [8, 15, 5.5]},
			"faces": {
				"north": {"uv": [16, 2, 14, 4.75], "texture": "#body"},
				"east": {"uv": [10, 2, 8, 4.75], "texture": "#body"},
				"south": {"uv": [12, 2, 10, 4.75], "texture": "#body"},
				"west": {"uv": [14, 2, 12, 4.75], "texture": "#body"},
				"up": {"uv": [12, 0, 10, 2], "texture": "#body"},
				"down": {"uv": [14, 2, 12, 0], "texture": "#body"}
			}
		},
		{
			"name": "nose",
			"from": [7, 10.75736, 12.84315],
			"to": [9, 14.75736, 14.84315],
			"rotation": {"angle": 45, "axis": "x", "origin": [8, 14, 12.5]},
			"faces": {
				"north": {"uv": [8, 0.5, 7.5, 1.5], "texture": "#body"},
				"east": {"uv": [6.5, 0.5, 6, 1.5], "texture": "#body"},
				"south": {"uv": [7, 0.5, 6.5, 1.5], "texture": "#body"},
				"west": {"uv": [7.5, 0.5, 7, 1.5], "texture": "#body"},
				"up": {"uv": [7, 0, 6.5, 0.5], "texture": "#body"},
				"down": {"uv": [7.5, 0.5, 7, 0], "texture": "#body"}
			}
		},
		{
			"name": "body",
			"from": [4, 3, 2.5],
			"to": [12, 15, 8.5],
			"rotation": {"angle": 22.5, "axis": "x", "origin": [8, 8.25, 5.5]},
			"faces": {
				"north": {"uv": [11, 6.5, 9, 9.5], "texture": "#body"},
				"east": {"uv": [5.5, 6.5, 4, 9.5], "texture": "#body"},
				"south": {"uv": [7.5, 6.5, 5.5, 9.5], "texture": "#body"},
				"west": {"uv": [9, 6.5, 7.5, 9.5], "texture": "#body"},
				"up": {"uv": [7.5, 5, 5.5, 6.5], "texture": "#body"},
				"down": {"uv": [9.5, 6.5, 7.5, 5], "texture": "#body"}
			}
		},
		{
			"name": "body",
			"from": [3.5, -2.5, 2],
			"to": [12.5, 15.5, 9],
			"rotation": {"angle": 22.5, "axis": "x", "origin": [8, 8.25, 5.5]},
			"faces": {
				"north": {"uv": [7, 11, 5, 15.25], "texture": "#body"},
				"east": {"uv": [1.5, 11, 0, 15.25], "texture": "#body"},
				"south": {"uv": [3.5, 11, 1.5, 15.25], "texture": "#body"},
				"west": {"uv": [5, 11, 3.5, 15.25], "texture": "#body"},
				"up": {"uv": [3.5, 9.5, 1.5, 11], "texture": "#body"},
				"down": {"uv": [5.5, 11, 3.5, 9.5], "texture": "#body"}
			}
		},
		{
			"name": "arms",
			"from": [4, 4.85594, 6.596],
			"to": [12, 8.85594, 10.596],
			"rotation": {"angle": -45, "axis": "x", "origin": [8, 9.85594, 8.596]},
			"faces": {
				"north": {"uv": [16, 10.5, 14, 11.5], "texture": "#body"},
				"east": {"uv": [11, 10.5, 10, 11.5], "texture": "#body"},
				"south": {"uv": [13, 10.5, 11, 11.5], "texture": "#body"},
				"west": {"uv": [14, 10.5, 13, 11.5], "texture": "#body"},
				"up": {"uv": [13, 9.5, 11, 10.5], "texture": "#body"},
				"down": {"uv": [15, 10.5, 13, 9.5], "texture": "#body"}
			}
		},
		{
			"name": "arms",
			"from": [12, 4.85594, 6.596],
			"to": [16, 12.85594, 10.596],
			"rotation": {"angle": -45, "axis": "x", "origin": [8, 9.85594, 8.596]},
			"faces": {
				"north": {"uv": [15, 6.5, 14, 8.5], "texture": "#body"},
				"east": {"uv": [12, 6.5, 11, 8.5], "texture": "#body"},
				"south": {"uv": [13, 6.5, 12, 8.5], "texture": "#body"},
				"west": {"uv": [14, 6.5, 13, 8.5], "texture": "#body"},
				"up": {"uv": [13, 5.5, 12, 6.5], "texture": "#body"},
				"down": {"uv": [14, 6.5, 13, 5.5], "texture": "#body"}
			}
		},
		{
			"name": "mirrored",
			"from": [0, 4.85594, 6.596],
			"to": [4, 12.85594, 10.596],
			"rotation": {"angle": -45, "axis": "x", "origin": [8, 9.85594, 8.596]},
			"faces": {
				"north": {"uv": [14, 6.5, 15, 8.5], "texture": "#body"},
				"east": {"uv": [13, 6.5, 14, 8.5], "texture": "#body"},
				"south": {"uv": [12, 6.5, 13, 8.5], "texture": "#body"},
				"west": {"uv": [11, 6.5, 12, 8.5], "texture": "#body"},
				"up": {"uv": [12, 5.5, 13, 6.5], "texture": "#body"},
				"down": {"uv": [13, 6.5, 14, 5.5], "texture": "#body"}
			}
		},
		{
			"name": "left_leg",
			"from": [4, 0, 3.5],
			"to": [8, 4, 15.5],
			"rotation": {"angle": 0, "axis": "y", "origin": [8, 2, 4.5]},
			"faces": {
				"north": {"uv": [7, 8.5, 8, 9.5], "texture": "#body"},
				"east": {"uv": [4, 8.5, 7, 9.5], "texture": "#body"},
				"south": {"uv": [3, 8.5, 4, 9.5], "texture": "#body"},
				"west": {"uv": [0, 8.5, 3, 9.5], "texture": "#body"},
				"up": {"uv": [3, 5.5, 4, 8.5], "texture": "#body"},
				"down": {"uv": [4, 8.5, 5, 5.5], "texture": "#body"}
			}
		},
		{
			"name": "right_leg",
			"from": [8, 0, 3.5],
			"to": [12, 4, 15.5],
			"rotation": {"angle": 22.5, "axis": "y", "origin": [8, 2, 4.5]},
			"faces": {
				"north": {"uv": [8, 8.5, 7, 9.5], "texture": "#body"},
				"east": {"uv": [3, 8.5, 0, 9.5], "texture": "#body"},
				"south": {"uv": [4, 8.5, 3, 9.5], "texture": "#body"},
				"west": {"uv": [7, 8.5, 4, 9.5], "texture": "#body"},
				"up": {"uv": [4, 5.5, 3, 8.5], "texture": "#body"},
				"down": {"uv": [5, 8.5, 4, 5.5], "texture": "#body"}
			}
		}
	],
	"display": {
		"thirdperson_righthand": {
			"translation": [2, -17.7, 6.2]
		}
	},
	"groups": [
		{
			"name": "head",
			"origin": [0, 24, 0],
			"color": 0,
			"children": [
				0,
				{
					"name": "hat",
					"origin": [0, 24, 0],
					"color": 0,
					"children": [1]
				},
				{
					"name": "nose",
					"origin": [0, 26, 0],
					"color": 0,
					"children": [2]
				}
			]
		},
		{
			"name": "body",
			"origin": [0, 24, 0],
			"color": 0,
			"children": [3, 4]
		},
		{
			"name": "arms",
			"origin": [3, 18.85594, -3.096],
			"color": 0,
			"children": [
				5,
				6,
				{
					"name": "mirrored",
					"origin": [0, 0.80594, -2.046],
					"color": 0,
					"children": [7]
				}
			]
		},
		{
			"name": "left_arm",
			"origin": [-5, 22, 0],
			"color": 0,
			"children": []
		},
		{
			"name": "right_arm",
			"origin": [5, 22, 0],
			"color": 0,
			"children": []
		},
		{
			"name": "left_leg",
			"origin": [-2, 12, 0],
			"color": 0,
			"children": [8]
		},
		{
			"name": "right_leg",
			"origin": [2, 12, 0],
			"color": 0,
			"children": [9]
		}
	]
}