{
  "parent": "minecraft:item/generated",
  "textures": {
    "layer0": "minecraft:item/knowledge_book"
  },
  "overrides": [
	{ "predicate": { "custom_model_data": 58271 }, "model": "pillage:item/weakness" },
	{ "predicate": { "custom_model_data": 58272 }, "model": "pillage:item/jump_boost" },
	{ "predicate": { "custom_model_data": 58273 }, "model": "pillage:item/thing" },
	{ "predicate": { "custom_model_data": 58274 }, "model": "pillage:item/aura" },
	{ "predicate": { "custom_model_data": 58275 }, "model": "pillage:entity/grand_illusioner_defeated" },
	{ "predicate": { "custom_model_data": 58276 }, "model": "pillage:item/blank" },
	{ "predicate": { "custom_model_data": 58277 }, "model": "pillage:item/axe_special" }
  ]
}