{
  "name": "minecraft:village/plains/decor/kogtyv_5_1_paraped",
  "fallback": "minecraft:empty",
  "elements": [
    {
      "weight": 50,
      "element": {
        "location": "minecraft:village/plains/decor/kogtyv_5_1/parapet_iron_bars",
        "processors": "minecraft:village_common",
        "projection": "rigid",
        "element_type": "minecraft:legacy_single_pool_element"
      }
    },
    {
      "weight": 50,
      "element": {
        "location": "minecraft:village/plains/decor/kogtyv_5_1/parapet_cobblestone_wall",
        "processors": "minecraft:village_common",
        "projection": "rigid",
        "element_type": "minecraft:legacy_single_pool_element"
      }
    },
    {
      "weight": 50,
      "element": {
        "location": "minecraft:village/plains/decor/kogtyv_5_1/parapet_polished_andesite_slab",
        "processors": "minecraft:village_common",
        "projection": "rigid",
        "element_type": "minecraft:legacy_single_pool_element"
      }
    },
    {
      "weight": 50,
      "element": {
        "location": "minecraft:village/plains/decor/kogtyv_5_1/parapet_oak_slab",
        "processors": "minecraft:village_common",
        "projection": "rigid",
        "element_type": "minecraft:legacy_single_pool_element"
      }
    },
    {
      "weight": 50,
      "element": {
        "location": "minecraft:village/plains/decor/kogtyv_5_1/parapet_smooth_stone_slab",
        "processors": "minecraft:village_common",
        "projection": "rigid",
        "element_type": "minecraft:legacy_single_pool_element"
      }
    }
  ],
  "fallback": "minecraft:village/plains/decor/kogtyv_5_1_paraped"
}
