{
  "name": "minecraft:village/plains/decor/kogtyvlea_9_1_dvor",
  "fallback": "minecraft:empty",
  "elements": [
    {
      "weight": 50,
      "element": {
        "location": "minecraft:village/plains/decor/kogtyvlea_9_1/dvor_variant1",
        "processors": "minecraft:village_common",
        "projection": "rigid",
        "element_type": "minecraft:legacy_single_pool_element"
      }
    },
    {
      "weight": 50,
      "element": {
        "location": "minecraft:village/plains/decor/kogtyvlea_9_1/dvor_variant2",
        "processors": "minecraft:village_common",
        "projection": "rigid",
        "element_type": "minecraft:legacy_single_pool_element"
      }
    },
    {
      "weight": 50,
      "element": {
        "location": "minecraft:village/plains/decor/kogtyvlea_9_1/dvor_variant3",
        "processors": "minecraft:village_common",
        "projection": "rigid",
        "element_type": "minecraft:legacy_single_pool_element"
      }
    },
    {
      "weight": 50,
      "element": {
        "location": "minecraft:village/plains/decor/kogtyvlea_9_1/dvor_variant4",
        "processors": "minecraft:village_common",
        "projection": "rigid",
        "element_type": "minecraft:legacy_single_pool_element"
      }
    }
  ],
  "fallback": "minecraft:village/plains/decor/kogtyvlea_9_1_dvor"
}
