{
  "name": "minecraft:village/plains/decor/kogtyv_9_3_paraped",
  "fallback": "minecraft:empty",
  "elements": [
    {
      "weight": 50,
      "element": {
        "location": "minecraft:village/plains/decor/kogtyv_9_3/parapet_iron_bars",
        "processors": "minecraft:village_common",
        "projection": "rigid",
        "element_type": "minecraft:legacy_single_pool_element"
      }
    },
    {
      "weight": 50,
      "element": {
        "location": "minecraft:village/plains/decor/kogtyv_9_3/paraped_andesite_wall",
        "processors": "minecraft:village_common",
        "projection": "rigid",
        "element_type": "minecraft:legacy_single_pool_element"
      }
    },
    {
      "weight": 50,
      "element": {
        "location": "minecraft:village/plains/decor/kogtyv_9_3/paraped_granite_wall",
        "processors": "minecraft:village_common",
        "projection": "rigid",
        "element_type": "minecraft:legacy_single_pool_element"
      }
    },
    {
      "weight": 50,
      "element": {
        "location": "minecraft:village/plains/decor/kogtyv_9_3/paraped_polished_andesite_slab",
        "processors": "minecraft:village_common",
        "projection": "rigid",
        "element_type": "minecraft:legacy_single_pool_element"
      }
    },
    {
      "weight": 50,
      "element": {
        "location": "minecraft:village/plains/decor/kogtyv_9_3/paraped_polished_diorite_slab",
        "processors": "minecraft:village_common",
        "projection": "rigid",
        "element_type": "minecraft:legacy_single_pool_element"
      }
    },
    {
      "weight": 50,
      "element": {
        "location": "minecraft:village/plains/decor/kogtyv_9_3/paraped_smooth_stone_slab",
        "processors": "minecraft:village_common",
        "projection": "rigid",
        "element_type": "minecraft:legacy_single_pool_element"
      }
    }
  ],
  "fallback": "minecraft:village/plains/decor/kogtyv_9_3_paraped"
}
